id,word
1,	
2, 
3,/
4,1
5,2
6,3
7,=
8,[
9,]
10,{
11,}
12,·
13,”
14,…
15,□
16,○
17,　
18,、
19,。
20,《
21,》
22,「
23,」
24,『
25,』
26,〖
27,〗
28,一
29,丁
30,七
31,万
32,丈
33,三
34,上
35,下
36,不
37,与
38,丏
39,丐
40,丑
41,且
42,丕
43,世
44,丘
45,丙
46,东
47,丞
48,並
49,丨
50,个
51,丫
52,中
53,丰
54,丱
55,串
56,丳
57,丶
58,丷
59,丸
60,丹
61,主
62,丿
63,乂
64,乃
65,久
66,么
67,义
68,之
69,乍
70,乎
71,乏
72,乐
73,乖
74,乘
75,乙
76,乚
77,九
78,乞
79,也
80,乣
81,乩
82,乳
83,乹
84,乾
85,亀
86,亁
87,亂
88,了
89,予
90,争
91,事
92,二
93,于
94,云
95,互
96,五
97,井
98,亘
99,亙
100,些
101,亞
102,亟
103,亠
104,亡
105,亢
106,交
107,亥
108,亦
109,亨
110,亩
111,享
112,京
113,亭
114,亮
115,亳
116,亶
117,亷
118,亹
119,人
120,亻
121,什
122,仁
123,仃
124,仄
125,仆
126,仇
127,今
128,介
129,仍
130,仔
131,仕
132,他
133,仗
134,付
135,仙
136,仚
137,仝
138,仞
139,仡
140,代
141,令
142,以
143,仭
144,仰
145,仲
146,仳
147,仵
148,件
149,价
150,任
151,份
152,仿
153,企
154,伃
155,伇
156,伉
157,伊
158,伋
159,伍
160,伎
161,伏
162,伐
163,休
164,伕
165,优
166,伭
167,伯
168,估
169,伴
170,伶
171,伸
172,伺
173,似
174,伽
175,伾
176,佃
177,佅
178,但
179,佇
180,佈
181,佉
182,位
183,低
184,住
185,佐
186,佑
187,体
188,佔
189,何
190,佗
191,佘
192,余
193,佚
194,佛
195,作
196,佝
197,佞
198,佟
199,你
200,佨
201,佩
202,佪
203,佯
204,佳
205,併
206,佶
207,佷
208,佺
209,佻
210,佼
211,佽
212,佾
213,使
214,侁
215,侃
216,侄
217,來
218,侈
219,例
220,侍
221,侏
222,侑
223,侔
224,侖
225,侗
226,侘
227,供
228,依
229,侮
230,侯
231,侲
232,侵
233,侶
234,侹
235,便
236,俀
237,俁
238,係
239,促
240,俄
241,俊
242,俋
243,俌
244,俎
245,俏
246,俔
247,俗
248,俘
249,俙
250,俚
251,俛
252,俜
253,保
254,俞
255,俟
256,俠
257,信
258,修
259,俯
260,俱
261,俳
262,俵
263,俶
264,俸
265,俾
266,倀
267,倂
268,倅
269,倆
270,倈
271,倉
272,個
273,倍
274,倏
275,倐
276,們
277,倒
278,倔
279,倕
280,倖
281,倘
282,候
283,倚
284,倜
285,借
286,倡
287,倢
288,倣
289,倥
290,倦
291,倧
292,倨
293,倩
294,倪
295,倫
296,倬
297,倭
298,倮
299,倰
300,倻
301,值
302,偁
303,偃
304,偅
305,假
306,偈
307,偉
308,偎
309,偏
310,偓
311,偕
312,偘
313,做
314,停
315,偡
316,健
317,偪
318,偫
319,偲
320,側
321,偵
322,偶
323,偷
324,傀
325,傄
326,傅
327,傈
328,傍
329,傑
330,傒
331,傖
332,傘
333,備
334,傚
335,傜
336,傞
337,傦
338,傪
339,催
340,傭
341,傯
342,傲
343,傳
344,傴
345,債
346,傷
347,傺
348,傾
349,僁
350,僂
351,僅
352,僇
353,僉
354,僊
355,僎
356,像
357,僑
358,僓
359,僕
360,僖
361,僚
362,僛
363,僜
364,僝
365,僞
366,僥
367,僦
368,僧
369,僨
370,僬
371,僭
372,僮
373,僰
374,僱
375,僴
376,僵
377,僶
378,僸
379,價
380,僻
381,僾
382,儀
383,儁
384,儂
385,億
386,儆
387,儇
388,儉
389,儋
390,儐
391,儑
392,儒
393,儔
394,儕
395,儗
396,儘
397,儚
398,儛
399,儜
400,儞
401,償
402,儡
403,優
404,儭
405,儱
406,儲
407,儳
408,儵
409,儷
410,儹
411,儺
412,儻
413,儼
414,儽
415,兀
416,允
417,元
418,兄
419,充
420,兆
421,兇
422,先
423,光
424,克
425,兌
426,免
427,兒
428,兔
429,兕
430,兖
431,兗
432,党
433,兜
434,兟
435,兢
436,入
437,內
438,全
439,兩
440,兪
441,八
442,公
443,六
444,兮
445,共
446,兵
447,其
448,具
449,典
450,兹
451,兼
452,冀
453,冃
454,冄
455,内
456,冉
457,冊
458,冋
459,册
460,再
461,冏
462,冐
463,冒
464,冕
465,冖
466,冗
467,冞
468,冠
469,冢
470,冤
471,冥
472,冩
473,冪
474,冫
475,冬
476,冰
477,冱
478,冲
479,决
480,况
481,冶
482,冷
483,冺
484,冽
485,净
486,凂
487,凄
488,准
489,凈
490,凉
491,凊
492,凋
493,凌
494,凍
495,凑
496,凖
497,凘
498,凚
499,凜
500,凝
501,凟
502,几
503,凡
504,凭
505,凰
506,凱
507,凴
508,凶
509,凸
510,凹
511,出
512,函
513,刀
514,刁
515,刂
516,刃
517,刅
518,分
519,切
520,刈
521,刊
522,刌
523,刍
524,刎
525,刑
526,划
527,刓
528,刖
529,列
530,刜
531,初
532,判
533,別
534,刦
535,利
536,刪
537,刮
538,到
539,刱
540,刲
541,刳
542,制
543,刷
544,券
545,刺
546,刻
547,刼
548,刾
549,剁
550,剃
551,則
552,剉
553,削
554,剋
555,剌
556,前
557,剎
558,剏
559,剔
560,剖
561,剗
562,剙
563,剛
564,剜
565,剝
566,剞
567,剟
568,剠
569,剡
570,剥
571,剩
572,剪
573,剬
574,副
575,割
576,創
577,剷
578,剸
579,剺
580,剽
581,剿
582,劀
583,劁
584,劂
585,劃
586,劄
587,劇
588,劈
589,劉
590,劌
591,劍
592,劎
593,劑
594,劒
595,劖
596,劘
597,劚
598,力
599,功
600,加
601,劣
602,助
603,努
604,劫
605,劬
606,劭
607,効
608,劻
609,劼
610,劾
611,勁
612,勃
613,勅
614,勇
615,勉
616,勌
617,勍
618,勑
619,勒
620,勔
621,動
622,勖
623,勗
624,勘
625,務
626,勛
627,勝
628,勞
629,募
630,勠
631,勢
632,勣
633,勤
634,勦
635,勩
636,勮
637,勰
638,勳
639,勵
640,勷
641,勸
642,勹
643,勺
644,勻
645,勾
646,勿
647,匄
648,包
649,匆
650,匈
651,匊
652,匋
653,匍
654,匏
655,匐
656,匔
657,匕
658,化
659,北
660,匙
661,匚
662,匝
663,匠
664,匡
665,匣
666,匪
667,匭
668,匯
669,匱
670,匳
671,匹
672,匼
673,匿
674,區
675,十
676,千
677,卄
678,卅
679,升
680,午
681,卉
682,半
683,卍
684,卐
685,卑
686,卒
687,卓
688,協
689,南
690,博
691,卜
692,卞
693,占
694,卦
695,卧
696,卨
697,卬
698,卭
699,卮
700,卯
701,印
702,危
703,即
704,却
705,卵
706,卷
707,卸
708,卹
709,卻
710,卼
711,卿
712,厂
713,厄
714,厈
715,厓
716,厔
717,厖
718,厙
719,厚
720,厝
721,原
722,厠
723,厢
724,厥
725,厦
726,厨
727,厩
728,厪
729,厫
730,厭
731,厲
732,厶
733,厷
734,去
735,叁
736,參
737,又
738,叉
739,及
740,友
741,反
742,叐
743,叔
744,取
745,受
746,叙
747,叚
748,叛
749,叟
750,叡
751,叢
752,口
753,古
754,句
755,另
756,叨
757,叩
758,只
759,叫
760,召
761,叮
762,可
763,台
764,叱
765,史
766,右
767,叵
768,叶
769,号
770,司
771,叿
772,吁
773,吃
774,各
775,合
776,吉
777,吊
778,同
779,名
780,后
781,吏
782,吐
783,向
784,吒
785,吕
786,吚
787,君
788,吝
789,吞
790,吟
791,吠
792,否
793,含
794,听
795,吭
796,吮
797,吰
798,吳
799,吴
800,吵
801,吶
802,吷
803,吸
804,吹
805,吺
806,吻
807,吼
808,吾
809,呀
810,呂
811,呃
812,呅
813,呇
814,呈
815,告
816,呌
817,呑
818,呝
819,呞
820,呢
821,呦
822,周
823,呪
824,呫
825,呰
826,呱
827,味
828,呴
829,呵
830,呶
831,呷
832,呻
833,呼
834,命
835,呿
836,咀
837,咂
838,咄
839,咅
840,咆
841,咈
842,咋
843,和
844,咍
845,咎
846,咏
847,咒
848,咔
849,咠
850,咡
851,咢
852,咤
853,咥
854,咦
855,咨
856,咩
857,咫
858,咬
859,咲
860,咳
861,咷
862,咸
863,咺
864,咻
865,咼
866,咽
867,咿
868,哀
869,品
870,哂
871,哆
872,哇
873,哉
874,員
875,哢
876,哤
877,哥
878,哦
879,哨
880,哩
881,哭
882,哮
883,哲
884,哳
885,哶
886,哺
887,哽
888,唁
889,唄
890,唅
891,唇
892,唏
893,唐
894,唔
895,唘
896,唤
897,唧
898,唫
899,售
900,唯
901,唱
902,唳
903,唵
904,唶
905,唼
906,唽
907,唾
908,啀
909,啁
910,啄
911,啅
912,商
913,啇
914,問
915,啐
916,啑
917,啓
918,啕
919,啖
920,啗
921,啜
922,啞
923,啟
924,啣
925,啨
926,啻
927,啼
928,啾
929,喁
930,喃
931,善
932,喆
933,喈
934,喉
935,喊
936,喋
937,喌
938,喍
939,喎
940,喑
941,喓
942,喔
943,喘
944,喙
945,喚
946,喜
947,喝
948,喟
949,喢
950,喣
951,喤
952,喦
953,喧
954,喨
955,喩
956,喪
957,喫
958,喬
959,單
960,喰
961,喻
962,嗁
963,嗄
964,嗅
965,嗇
966,嗈
967,嗉
968,嗊
969,嗌
970,嗍
971,嗎
972,嗔
973,嗗
974,嗚
975,嗛
976,嗜
977,嗟
978,嗢
979,嗣
980,嗤
981,嗥
982,嗶
983,嗷
984,嗸
985,嗽
986,嗾
987,嘆
988,嘈
989,嘉
990,嘌
991,嘍
992,嘎
993,嘏
994,嘐
995,嘑
996,嘒
997,嘔
998,嘕
999,嘖
1000,嘗
1001,嘨
1002,嘩
1003,嘬
1004,嘮
1005,嘯
1006,嘲
1007,嘴
1008,嘵
1009,嘶
1010,嘷
1011,嘹
1012,嘻
1013,嘼
1014,嘽
1015,嘿
1016,噀
1017,噁
1018,噂
1019,噅
1020,噆
1021,噇
1022,噉
1023,噌
1024,噍
1025,噎
1026,噏
1027,噐
1028,噑
1029,噒
1030,噓
1031,噞
1032,噢
1033,噣
1034,噤
1035,噦
1036,器
1037,噩
1038,噪
1039,噫
1040,噬
1041,噭
1042,噰
1043,噱
1044,噲
1045,噴
1046,嚀
1047,嚄
1048,嚅
1049,嚇
1050,嚌
1051,嚎
1052,嚏
1053,嚐
1054,嚗
1055,嚘
1056,嚙
1057,嚚
1058,嚢
1059,嚥
1060,嚨
1061,嚬
1062,嚭
1063,嚮
1064,嚱
1065,嚲
1066,嚴
1067,嚵
1068,嚶
1069,嚻
1070,嚼
1071,嚾
1072,囀
1073,囁
1074,囂
1075,囅
1076,囉
1077,囊
1078,囋
1079,囐
1080,囑
1081,囓
1082,囗
1083,囘
1084,囚
1085,四
1086,囝
1087,回
1088,囟
1089,因
1090,囤
1091,困
1092,囱
1093,囷
1094,囹
1095,固
1096,囿
1097,圀
1098,圃
1099,圄
1100,圈
1101,圉
1102,國
1103,圌
1104,圍
1105,園
1106,圓
1107,圕
1108,圖
1109,團
1110,圜
1111,圝
1112,圞
1113,土
1114,圠
1115,圢
1116,在
1117,圪
1118,圭
1119,圮
1120,圯
1121,地
1122,圻
1123,圿
1124,址
1125,坂
1126,坆
1127,均
1128,坊
1129,坋
1130,坌
1131,坎
1132,坏
1133,坐
1134,坑
1135,坒
1136,块
1137,坡
1138,坤
1139,坦
1140,坨
1141,坩
1142,坪
1143,坫
1144,坯
1145,坰
1146,坱
1147,坲
1148,坳
1149,坴
1150,坵
1151,坷
1152,坺
1153,坻
1154,坼
1155,垂
1156,型
1157,垌
1158,垍
1159,垓
1160,垔
1161,垗
1162,垛
1163,垝
1164,垞
1165,垠
1166,垡
1167,垢
1168,垣
1169,垤
1170,垸
1171,埂
1172,埃
1173,埆
1174,埇
1175,埊
1176,埋
1177,城
1178,埏
1179,埒
1180,埓
1181,埔
1182,埜
1183,埞
1184,域
1185,埤
1186,埭
1187,埳
1188,埴
1189,埵
1190,埶
1191,執
1192,培
1193,基
1194,埽
1195,埿
1196,堂
1197,堄
1198,堅
1199,堆
1200,堇
1201,堊
1202,堋
1203,堌
1204,堘
1205,堙
1206,堛
1207,堝
1208,堞
1209,堠
1210,堡
1211,堤
1212,堦
1213,堧
1214,堪
1215,堮
1216,堯
1217,堰
1218,報
1219,場
1220,堵
1221,塈
1222,塉
1223,塊
1224,塋
1225,塌
1226,塍
1227,塏
1228,塑
1229,塒
1230,塔
1231,塗
1232,塘
1233,塚
1234,塞
1235,塠
1236,塢
1237,塤
1238,塩
1239,填
1240,塲
1241,塵
1242,塸
1243,塹
1244,塼
1245,塾
1246,塿
1247,墀
1248,墁
1249,境
1250,墄
1251,墅
1252,墉
1253,墊
1254,墍
1255,墐
1256,墓
1257,墖
1258,墙
1259,墜
1260,墝
1261,增
1262,墟
1263,墠
1264,墢
1265,墨
1266,墩
1267,墮
1268,墯
1269,墳
1270,墺
1271,墻
1272,墼
1273,墾
1274,壀
1275,壁
1276,壃
1277,壅
1278,壇
1279,壈
1280,壍
1281,壑
1282,壒
1283,壓
1284,壕
1285,壖
1286,壘
1287,壙
1288,壚
1289,壜
1290,壝
1291,壞
1292,壟
1293,壠
1294,壤
1295,壥
1296,士
1297,壬
1298,壯
1299,壴
1300,壸
1301,壹
1302,壺
1303,壻
1304,壼
1305,壽
1306,夅
1307,夆
1308,夊
1309,夋
1310,夌
1311,复
1312,夏
1313,夐
1314,夑
1315,夔
1316,夕
1317,外
1318,夗
1319,夙
1320,多
1321,夜
1322,夠
1323,夢
1324,夤
1325,夥
1326,大
1327,天
1328,太
1329,夫
1330,夬
1331,夭
1332,央
1333,失
1334,夷
1335,夸
1336,夾
1337,奄
1338,奅
1339,奇
1340,奈
1341,奉
1342,奎
1343,奏
1344,奐
1345,契
1346,奔
1347,奕
1348,奘
1349,奚
1350,奠
1351,奡
1352,奢
1353,奧
1354,奩
1355,奪
1356,奫
1357,奬
1358,奭
1359,奮
1360,奰
1361,女
1362,奴
1363,奸
1364,她
1365,奼
1366,好
1367,如
1368,妃
1369,妄
1370,妊
1371,妍
1372,妒
1373,妓
1374,妖
1375,妙
1376,妝
1377,妠
1378,妤
1379,妥
1380,妨
1381,妬
1382,妮
1383,妲
1384,妳
1385,妷
1386,妸
1387,妹
1388,妻
1389,妾
1390,姆
1391,姉
1392,姊
1393,始
1394,姐
1395,姑
1396,姒
1397,姓
1398,委
1399,姙
1400,姚
1401,姜
1402,姝
1403,姞
1404,姡
1405,姣
1406,姤
1407,姥
1408,姦
1409,姧
1410,姨
1411,姪
1412,姬
1413,姮
1414,姱
1415,姹
1416,姻
1417,姿
1418,娀
1419,威
1420,娃
1421,娉
1422,娑
1423,娒
1424,娘
1425,娙
1426,娛
1427,娜
1428,娟
1429,娠
1430,娣
1431,娥
1432,娩
1433,娬
1434,娭
1435,娵
1436,娶
1437,娼
1438,婀
1439,婁
1440,婆
1441,婉
1442,婐
1443,婑
1444,婕
1445,婗
1446,婚
1447,婠
1448,婢
1449,婥
1450,婦
1451,婪
1452,婬
1453,婭
1454,婷
1455,婺
1456,婿
1457,媆
1458,媌
1459,媍
1460,媒
1461,媕
1462,媚
1463,媛
1464,媞
1465,媟
1466,媠
1467,媢
1468,媧
1469,媭
1470,媮
1471,媯
1472,媱
1473,媲
1474,媵
1475,媸
1476,媼
1477,媾
1478,媿
1479,嫁
1480,嫂
1481,嫄
1482,嫇
1483,嫈
1484,嫉
1485,嫋
1486,嫌
1487,嫓
1488,嫖
1489,嫗
1490,嫚
1491,嫛
1492,嫜
1493,嫠
1494,嫡
1495,嫣
1496,嫦
1497,嫧
1498,嫩
1499,嫪
1500,嫫
1501,嫭
1502,嫮
1503,嫰
1504,嫵
1505,嫻
1506,嬀
1507,嬃
1508,嬈
1509,嬉
1510,嬋
1511,嬌
1512,嬖
1513,嬙
1514,嬛
1515,嬝
1516,嬪
1517,嬰
1518,嬴
1519,嬾
1520,嬿
1521,孀
1522,孃
1523,孌
1524,子
1525,孑
1526,孔
1527,孕
1528,字
1529,存
1530,孚
1531,孛
1532,孜
1533,孝
1534,孟
1535,季
1536,孤
1537,孥
1538,孩
1539,孫
1540,孰
1541,孱
1542,孳
1543,學
1544,孺
1545,孽
1546,孾
1547,宀
1548,宁
1549,宂
1550,它
1551,宄
1552,宅
1553,宇
1554,守
1555,安
1556,宋
1557,完
1558,宍
1559,宏
1560,宓
1561,宕
1562,宗
1563,官
1564,宙
1565,定
1566,宛
1567,宜
1568,客
1569,宣
1570,室
1571,宥
1572,宦
1573,宧
1574,宫
1575,宮
1576,宰
1577,害
1578,宴
1579,宵
1580,家
1581,宷
1582,宸
1583,容
1584,宼
1585,宿
1586,寀
1587,寂
1588,寃
1589,寄
1590,寅
1591,密
1592,寇
1593,寉
1594,富
1595,寐
1596,寒
1597,寓
1598,寔
1599,寖
1600,寗
1601,寘
1602,寛
1603,寞
1604,察
1605,寠
1606,寡
1607,寢
1608,寤
1609,寥
1610,實
1611,寧
1612,寨
1613,審
1614,寫
1615,寬
1616,寮
1617,寰
1618,寵
1619,寶
1620,寸
1621,寺
1622,尀
1623,封
1624,尃
1625,射
1626,尅
1627,將
1628,專
1629,尉
1630,尊
1631,尋
1632,對
1633,導
1634,小
1635,少
1636,尔
1637,尖
1638,尚
1639,尟
1640,尠
1641,尤
1642,尨
1643,尩
1644,尫
1645,尰
1646,就
1647,尵
1648,尸
1649,尹
1650,尺
1651,尼
1652,尾
1653,尿
1654,局
1655,屁
1656,居
1657,屆
1658,屈
1659,届
1660,屋
1661,屍
1662,屎
1663,屏
1664,屐
1665,屑
1666,屓
1667,展
1668,屙
1669,屝
1670,屠
1671,屢
1672,屣
1673,層
1674,履
1675,屧
1676,屨
1677,屩
1678,屬
1679,屭
1680,屯
1681,山
1682,屴
1683,屹
1684,屺
1685,屼
1686,岇
1687,岈
1688,岊
1689,岌
1690,岏
1691,岐
1692,岑
1693,岔
1694,岝
1695,岡
1696,岣
1697,岧
1698,岨
1699,岩
1700,岫
1701,岱
1702,岳
1703,岵
1704,岷
1705,岸
1706,岹
1707,峉
1708,峋
1709,峒
1710,峗
1711,峘
1712,峙
1713,峝
1714,峞
1715,峣
1716,峥
1717,峨
1718,峩
1719,峭
1720,峯
1721,峰
1722,峴
1723,島
1724,峻
1725,峽
1726,峿
1727,崅
1728,崆
1729,崇
1730,崎
1731,崐
1732,崑
1733,崒
1734,崔
1735,崖
1736,崗
1737,崘
1738,崙
1739,崚
1740,崛
1741,崟
1742,崢
1743,崤
1744,崦
1745,崧
1746,崩
1747,崪
1748,崱
1749,崴
1750,崷
1751,崽
1752,崿
1753,嵂
1754,嵃
1755,嵇
1756,嵊
1757,嵋
1758,嵌
1759,嵍
1760,嵎
1761,嵐
1762,嵒
1763,嵓
1764,嵔
1765,嵕
1766,嵗
1767,嵡
1768,嵥
1769,嵩
1770,嵫
1771,嵬
1772,嵯
1773,嵰
1774,嵲
1775,嵳
1776,嵷
1777,嵸
1778,嵺
1779,嵼
1780,嵽
1781,嶁
1782,嶂
1783,嶃
1784,嶄
1785,嶇
1786,嶒
1787,嶓
1788,嶔
1789,嶕
1790,嶘
1791,嶙
1792,嶛
1793,嶠
1794,嶢
1795,嶤
1796,嶧
1797,嶨
1798,嶪
1799,嶫
1800,嶭
1801,嶮
1802,嶰
1803,嶱
1804,嶲
1805,嶴
1806,嶷
1807,嶸
1808,嶺
1809,嶻
1810,嶼
1811,嶽
1812,嶾
1813,巂
1814,巃
1815,巇
1816,巉
1817,巋
1818,巌
1819,巍
1820,巏
1821,巑
1822,巒
1823,巓
1824,巔
1825,巖
1826,巘
1827,川
1828,州
1829,巡
1830,巢
1831,工
1832,左
1833,巧
1834,巨
1835,巩
1836,巫
1837,差
1838,己
1839,已
1840,巳
1841,巴
1842,巵
1843,巷
1844,巹
1845,巽
1846,巾
1847,巿
1848,帀
1849,币
1850,市
1851,布
1852,帆
1853,帊
1854,希
1855,帑
1856,帓
1857,帔
1858,帕
1859,帖
1860,帘
1861,帙
1862,帚
1863,帛
1864,帝
1865,帟
1866,帢
1867,帤
1868,帥
1869,帨
1870,帩
1871,師
1872,帬
1873,席
1874,帳
1875,帶
1876,帷
1877,常
1878,帽
1879,幀
1880,幂
1881,幃
1882,幄
1883,幅
1884,幈
1885,幌
1886,幔
1887,幕
1888,幖
1889,幗
1890,幘
1891,幙
1892,幛
1893,幞
1894,幟
1895,幡
1896,幢
1897,幣
1898,幨
1899,幪
1900,幬
1901,幮
1902,幰
1903,干
1904,平
1905,年
1906,并
1907,幷
1908,幸
1909,幹
1910,幺
1911,幻
1912,幼
1913,幽
1914,幾
1915,广
1916,庀
1917,庄
1918,庇
1919,床
1920,序
1921,底
1922,庖
1923,店
1924,庚
1925,府
1926,庠
1927,庥
1928,度
1929,座
1930,庨
1931,庪
1932,庫
1933,庭
1934,庳
1935,庵
1936,庶
1937,康
1938,庸
1939,庾
1940,廁
1941,廂
1942,廄
1943,廅
1944,廈
1945,廉
1946,廊
1947,廋
1948,廌
1949,廎
1950,廏
1951,廐
1952,廑
1953,廓
1954,廕
1955,廖
1956,廙
1957,廚
1958,廛
1959,廝
1960,廞
1961,廟
1962,廠
1963,廡
1964,廢
1965,廣
1966,廥
1967,廧
1968,廨
1969,廩
1970,廬
1971,廰
1972,廳
1973,廵
1974,延
1975,廷
1976,廸
1977,廹
1978,建
1979,廻
1980,廼
1981,廾
1982,廿
1983,弁
1984,异
1985,弃
1986,弄
1987,弇
1988,弈
1989,弊
1990,弋
1991,式
1992,弒
1993,弓
1994,弔
1995,引
1996,弗
1997,弘
1998,弛
1999,弝
2000,弟
2001,弢
2002,弦
2003,弧
2004,弨
2005,弩
2006,弭
2007,弮
2008,弰
2009,弱
2010,張
2011,強
2012,弸
2013,强
2014,弼
2015,彀
2016,彈
2017,彊
2018,彌
2019,彍
2020,彎
2021,彐
2022,彔
2023,彖
2024,彗
2025,彘
2026,彙
2027,彝
2028,彞
2029,彡
2030,形
2031,彣
2032,彤
2033,彥
2034,彦
2035,彧
2036,彩
2037,彪
2038,彫
2039,彬
2040,彭
2041,彯
2042,彰
2043,影
2044,彲
2045,彳
2046,彴
2047,彷
2048,役
2049,彼
2050,彾
2051,彿
2052,往
2053,征
2054,徂
2055,徃
2056,待
2057,徇
2058,很
2059,徉
2060,徊
2061,律
2062,後
2063,徍
2064,徐
2065,徑
2066,徒
2067,得
2068,徘
2069,徙
2070,徜
2071,從
2072,徠
2073,御
2074,徧
2075,徨
2076,復
2077,循
2078,徬
2079,徭
2080,微
2081,徯
2082,徳
2083,徴
2084,徵
2085,德
2086,徹
2087,徼
2088,徽
2089,心
2090,忄
2091,必
2092,忉
2093,忌
2094,忍
2095,忒
2096,忖
2097,志
2098,忘
2099,忙
2100,忝
2101,忠
2102,忡
2103,忤
2104,忩
2105,忪
2106,快
2107,忭
2108,忱
2109,忲
2110,忳
2111,念
2112,忸
2113,忺
2114,忻
2115,忼
2116,忽
2117,忿
2118,怊
2119,怍
2120,怎
2121,怏
2122,怐
2123,怒
2124,怔
2125,怕
2126,怖
2127,怗
2128,怙
2129,怛
2130,怜
2131,思
2132,怠
2133,怡
2134,怤
2135,急
2136,怦
2137,性
2138,怨
2139,怩
2140,怪
2141,怫
2142,怯
2143,怱
2144,怳
2145,怵
2146,怺
2147,恁
2148,恂
2149,恃
2150,恄
2151,恆
2152,恇
2153,恌
2154,恍
2155,恐
2156,恒
2157,恓
2158,恕
2159,恙
2160,恚
2161,恛
2162,恝
2163,恞
2164,恟
2165,恠
2166,恡
2167,恢
2168,恣
2169,恤
2170,恥
2171,恧
2172,恨
2173,恩
2174,恪
2175,恫
2176,恬
2177,恭
2178,息
2179,恰
2180,悁
2181,悄
2182,悅
2183,悉
2184,悊
2185,悋
2186,悌
2187,悍
2188,悒
2189,悔
2190,悕
2191,悖
2192,悚
2193,悛
2194,悝
2195,悞
2196,悟
2197,悠
2198,悢
2199,患
2200,悤
2201,您
2202,悮
2203,悰
2204,悱
2205,悲
2206,悴
2207,悵
2208,悶
2209,悸
2210,悺
2211,悼
2212,悽
2213,惄
2214,情
2215,惆
2216,惇
2217,惉
2218,惊
2219,惋
2220,惎
2221,惏
2222,惑
2223,惔
2224,惕
2225,惘
2226,惙
2227,惚
2228,惛
2229,惜
2230,惝
2231,惞
2232,惟
2233,惠
2234,惡
2235,惣
2236,惧
2237,惰
2238,惱
2239,惲
2240,想
2241,惴
2242,惶
2243,惷
2244,惸
2245,惹
2246,惺
2247,惻
2248,愀
2249,愁
2250,愆
2251,愈
2252,愉
2253,愍
2254,愎
2255,意
2256,愐
2257,愔
2258,愕
2259,愗
2260,愚
2261,愛
2262,愜
2263,愞
2264,感
2265,愡
2266,愧
2267,愫
2268,愬
2269,愴
2270,愵
2271,愷
2272,愻
2273,愽
2274,愾
2275,愿
2276,慄
2277,慅
2278,慆
2279,慇
2280,慈
2281,慊
2282,態
2283,慌
2284,慍
2285,慎
2286,慕
2287,慘
2288,慙
2289,慚
2290,慜
2291,慝
2292,慞
2293,慟
2294,慠
2295,慢
2296,慣
2297,慤
2298,慥
2299,慧
2300,慨
2301,慮
2302,慰
2303,慳
2304,慴
2305,慵
2306,慶
2307,慷
2308,慼
2309,慽
2310,慾
2311,慿
2312,憀
2313,憁
2314,憂
2315,憃
2316,憇
2317,憊
2318,憍
2319,憎
2320,憐
2321,憑
2322,憒
2323,憓
2324,憔
2325,憕
2326,憖
2327,憘
2328,憙
2329,憚
2330,憝
2331,憤
2332,憧
2333,憨
2334,憩
2335,憫
2336,憬
2337,憮
2338,憯
2339,憲
2340,憶
2341,憸
2342,憺
2343,憾
2344,懂
2345,懃
2346,懅
2347,懇
2348,懈
2349,應
2350,懊
2351,懋
2352,懌
2353,懍
2354,懔
2355,懜
2356,懡
2357,懣
2358,懦
2359,懨
2360,懱
2361,懲
2362,懵
2363,懶
2364,懷
2365,懸
2366,懹
2367,懺
2368,懼
2369,懽
2370,懾
2371,懿
2372,戀
2373,戃
2374,戇
2375,戈
2376,戊
2377,戌
2378,戍
2379,戎
2380,成
2381,我
2382,戒
2383,戔
2384,戕
2385,或
2386,戙
2387,戚
2388,戛
2389,戞
2390,戟
2391,戡
2392,戢
2393,戩
2394,截
2395,戫
2396,戭
2397,戮
2398,戰
2399,戲
2400,戳
2401,戴
2402,戵
2403,戶
2404,戺
2405,戽
2406,戾
2407,房
2408,所
2409,扁
2410,扂
2411,扃
2412,扄
2413,扅
2414,扆
2415,扇
2416,扈
2417,扉
2418,扊
2419,手
2420,扌
2421,才
2422,扎
2423,扐
2424,扑
2425,打
2426,扔
2427,托
2428,扛
2429,扞
2430,扠
2431,扣
2432,扤
2433,扭
2434,扳
2435,扴
2436,扶
2437,批
2438,扼
2439,承
2440,技
2441,抃
2442,抄
2443,抆
2444,抉
2445,把
2446,抏
2447,抑
2448,抒
2449,抓
2450,抔
2451,投
2452,抖
2453,抗
2454,折
2455,抝
2456,抨
2457,披
2458,抬
2459,抱
2460,抵
2461,抶
2462,抹
2463,押
2464,抽
2465,拂
2466,拄
2467,担
2468,拆
2469,拇
2470,拈
2471,拉
2472,拊
2473,拋
2474,拌
2475,拍
2476,拎
2477,拏
2478,拒
2479,拓
2480,拔
2481,拕
2482,拖
2483,拗
2484,拘
2485,拙
2486,拚
2487,招
2488,拜
2489,拟
2490,拪
2491,括
2492,拭
2493,拮
2494,拯
2495,拱
2496,拲
2497,拳
2498,拶
2499,拷
2500,拼
2501,拽
2502,拾
2503,拿
2504,持
2505,挂
2506,挃
2507,挅
2508,指
2509,挈
2510,按
2511,挍
2512,挐
2513,挑
2514,挨
2515,挫
2516,振
2517,挲
2518,挶
2519,挹
2520,挺
2521,挻
2522,挼
2523,挽
2524,挾
2525,捃
2526,捄
2527,捉
2528,捋
2529,捍
2530,捎
2531,捏
2532,捐
2533,捕
2534,捖
2535,捝
2536,换
2537,捧
2538,捨
2539,捩
2540,捫
2541,捭
2542,据
2543,捱
2544,捲
2545,捶
2546,捷
2547,捺
2548,捻
2549,捽
2550,掀
2551,掁
2552,掃
2553,掄
2554,掇
2555,授
2556,掉
2557,掊
2558,掌
2559,掎
2560,掐
2561,排
2562,掖
2563,掘
2564,掙
2565,掛
2566,掞
2567,掠
2568,採
2569,探
2570,掣
2571,接
2572,控
2573,推
2574,掩
2575,措
2576,掫
2577,掬
2578,掻
2579,掾
2580,掿
2581,揀
2582,揁
2583,揃
2584,揄
2585,揆
2586,揉
2587,揌
2588,揎
2589,描
2590,提
2591,揑
2592,插
2593,揔
2594,揖
2595,揚
2596,換
2597,揜
2598,揠
2599,握
2600,揣
2601,揩
2602,揪
2603,揭
2604,揮
2605,揰
2606,揲
2607,揳
2608,援
2609,揵
2610,揶
2611,揾
2612,搆
2613,搉
2614,搊
2615,損
2616,搏
2617,搒
2618,搓
2619,搔
2620,搖
2621,搗
2622,搘
2623,搜
2624,搢
2625,搤
2626,搥
2627,搦
2628,搨
2629,搪
2630,搬
2631,搭
2632,搰
2633,搴
2634,搶
2635,携
2636,搽
2637,摆
2638,摇
2639,摉
2640,摋
2641,摎
2642,摏
2643,摐
2644,摑
2645,摒
2646,摘
2647,摚
2648,摛
2649,摝
2650,摟
2651,摧
2652,摩
2653,摫
2654,摭
2655,摯
2656,摳
2657,摴
2658,摵
2659,摶
2660,摷
2661,摸
2662,摹
2663,摺
2664,摻
2665,摽
2666,撃
2667,撅
2668,撇
2669,撈
2670,撏
2671,撐
2672,撑
2673,撒
2674,撓
2675,撕
2676,撙
2677,撚
2678,撜
2679,撝
2680,撞
2681,撤
2682,撥
2683,撦
2684,撩
2685,撫
2686,播
2687,撮
2688,撰
2689,撲
2690,撶
2691,撻
2692,撼
2693,撾
2694,撿
2695,擁
2696,擂
2697,擄
2698,擅
2699,擇
2700,擈
2701,擉
2702,擊
2703,操
2704,擎
2705,擐
2706,擒
2707,擔
2708,擕
2709,擖
2710,擗
2711,擘
2712,據
2713,擠
2714,擡
2715,擢
2716,擣
2717,擥
2718,擦
2719,擪
2720,擫
2721,擬
2722,擭
2723,擯
2724,擲
2725,擴
2726,擷
2727,擺
2728,擻
2729,擾
2730,擿
2731,攀
2732,攂
2733,攃
2734,攄
2735,攅
2736,攉
2737,攎
2738,攏
2739,攔
2740,攕
2741,攖
2742,攘
2743,攙
2744,攛
2745,攜
2746,攝
2747,攡
2748,攢
2749,攣
2750,攤
2751,攪
2752,攫
2753,攬
2754,支
2755,攲
2756,攴
2757,攵
2758,收
2759,攷
2760,攸
2761,改
2762,攻
2763,放
2764,政
2765,故
2766,效
2767,敍
2768,敎
2769,敏
2770,救
2771,敔
2772,敕
2773,敖
2774,敗
2775,敘
2776,教
2777,敝
2778,敞
2779,敢
2780,散
2781,敦
2782,敧
2783,敫
2784,敬
2785,敭
2786,敱
2787,敲
2788,整
2789,敵
2790,敷
2791,數
2792,敺
2793,敻
2794,斁
2795,斂
2796,斃
2797,斅
2798,斆
2799,文
2800,斈
2801,斌
2802,斎
2803,斐
2804,斑
2805,斒
2806,斕
2807,斖
2808,斗
2809,料
2810,斚
2811,斛
2812,斜
2813,斝
2814,斟
2815,斡
2816,斤
2817,斥
2818,斧
2819,斨
2820,斫
2821,斬
2822,斮
2823,斯
2824,新
2825,斲
2826,斵
2827,斷
2828,斸
2829,方
2830,於
2831,施
2832,斾
2833,斿
2834,旁
2835,旂
2836,旃
2837,旄
2838,旅
2839,旆
2840,旋
2841,旌
2842,旍
2843,旎
2844,族
2845,旐
2846,旒
2847,旓
2848,旖
2849,旗
2850,旛
2851,旜
2852,旞
2853,旟
2854,无
2855,旡
2856,既
2857,日
2858,旦
2859,旨
2860,早
2861,旬
2862,旭
2863,旰
2864,旱
2865,旳
2866,旴
2867,时
2868,旺
2869,旻
2870,昂
2871,昃
2872,昆
2873,昇
2874,昈
2875,昉
2876,昊
2877,昌
2878,明
2879,昏
2880,易
2881,昔
2882,昕
2883,昚
2884,昞
2885,星
2886,映
2887,春
2888,昧
2889,昨
2890,昩
2891,昪
2892,昫
2893,昬
2894,昭
2895,是
2896,昱
2897,昳
2898,昴
2899,昵
2900,昶
2901,昷
2902,晀
2903,晁
2904,時
2905,晃
2906,晅
2907,晉
2908,晊
2909,晌
2910,晏
2911,晒
2912,晙
2913,晚
2914,晛
2915,晝
2916,晞
2917,晟
2918,晡
2919,晤
2920,晦
2921,晧
2922,晨
2923,晬
2924,普
2925,景
2926,晰
2927,晳
2928,晴
2929,晵
2930,晶
2931,晷
2932,智
2933,晻
2934,晼
2935,暄
2936,暇
2937,暈
2938,暉
2939,暌
2940,暍
2941,暎
2942,暐
2943,暑
2944,暕
2945,暖
2946,暗
2947,暘
2948,暝
2949,暠
2950,暡
2951,暢
2952,暨
2953,暫
2954,暮
2955,暴
2956,暵
2957,暹
2958,暾
2959,曀
2960,曁
2961,曄
2962,曆
2963,曇
2964,曈
2965,曉
2966,曌
2967,曏
2968,曖
2969,曙
2970,曚
2971,曛
2972,曜
2973,曝
2974,曠
2975,曡
2976,曦
2977,曨
2978,曩
2979,曬
2980,曭
2981,曰
2982,曲
2983,曳
2984,更
2985,曶
2986,曷
2987,書
2988,曹
2989,曼
2990,曾
2991,替
2992,最
2993,朂
2994,會
2995,朄
2996,朅
2997,月
2998,有
2999,朋
3000,朌
3001,服
3002,朎
3003,朏
3004,朐
3005,朓
3006,朔
3007,朕
3008,朗
3009,朘
3010,望
3011,朝
3012,朞
3013,期
3014,朣
3015,朦
3016,朧
3017,木
3018,未
3019,末
3020,本
3021,札
3022,朮
3023,术
3024,朱
3025,朴
3026,朵
3027,朶
3028,机
3029,朽
3030,朾
3031,朿
3032,杄
3033,杆
3034,杇
3035,杈
3036,杉
3037,杌
3038,李
3039,杏
3040,材
3041,村
3042,杓
3043,杕
3044,杖
3045,杙
3046,杜
3047,杝
3048,杞
3049,束
3050,杠
3051,杪
3052,杭
3053,杮
3054,杯
3055,杰
3056,東
3057,杲
3058,杳
3059,杴
3060,杵
3061,杷
3062,杸
3063,杻
3064,杼
3065,松
3066,板
3067,枅
3068,枇
3069,枉
3070,枋
3071,枌
3072,枍
3073,枏
3074,析
3075,枑
3076,枒
3077,枓
3078,枕
3079,林
3080,枘
3081,枚
3082,果
3083,枝
3084,枡
3085,枤
3086,枮
3087,枯
3088,枰
3089,枲
3090,枳
3091,枵
3092,架
3093,枷
3094,枸
3095,枹
3096,枻
3097,枼
3098,枿
3099,柀
3100,柁
3101,柂
3102,柄
3103,柅
3104,柈
3105,柎
3106,柏
3107,某
3108,柑
3109,柒
3110,染
3111,柔
3112,柖
3113,柘
3114,柙
3115,柚
3116,柜
3117,柝
3118,柞
3119,柟
3120,柢
3121,柣
3122,柤
3123,查
3124,柦
3125,柧
3126,柩
3127,柫
3128,柬
3129,柮
3130,柯
3131,柰
3132,柱
3133,柳
3134,柴
3135,柵
3136,柷
3137,柸
3138,柹
3139,柿
3140,栖
3141,栗
3142,栛
3143,栝
3144,栟
3145,校
3146,栢
3147,栥
3148,栧
3149,栩
3150,株
3151,栭
3152,栯
3153,栱
3154,栲
3155,栳
3156,栴
3157,核
3158,根
3159,格
3160,栽
3161,桀
3162,桁
3163,桂
3164,桃
3165,桄
3166,桅
3167,框
3168,案
3169,桉
3170,桍
3171,桎
3172,桐
3173,桑
3174,桒
3175,桓
3176,桔
3177,桕
3178,桫
3179,桭
3180,桮
3181,桯
3182,桴
3183,桶
3184,桷
3185,桹
3186,桿
3187,梁
3188,梃
3189,梅
3190,梏
3191,梐
3192,梓
3193,梔
3194,梗
3195,條
3196,梟
3197,梠
3198,梡
3199,梢
3200,梧
3201,梨
3202,梩
3203,梫
3204,梭
3205,梯
3206,械
3207,梲
3208,梳
3209,梴
3210,梵
3211,梼
3212,棁
3213,棃
3214,棄
3215,棆
3216,棉
3217,棊
3218,棋
3219,棍
3220,棐
3221,棒
3222,棓
3223,棕
3224,棖
3225,棗
3226,棘
3227,棙
3228,棚
3229,棟
3230,棠
3231,棣
3232,棥
3233,棧
3234,棨
3235,棫
3236,森
3237,棰
3238,棱
3239,棲
3240,棳
3241,棵
3242,棹
3243,棺
3244,棻
3245,棼
3246,棽
3247,棿
3248,椀
3249,椁
3250,椃
3251,椅
3252,椆
3253,椇
3254,椈
3255,椌
3256,植
3257,椎
3258,椏
3259,椐
3260,椑
3261,椒
3262,椔
3263,椰
3264,椲
3265,椵
3266,椶
3267,椸
3268,椹
3269,椽
3270,椾
3271,椿
3272,楂
3273,楅
3274,楊
3275,楋
3276,楓
3277,楔
3278,楖
3279,楗
3280,楙
3281,楚
3282,楛
3283,楝
3284,楞
3285,楠
3286,楡
3287,楢
3288,楣
3289,楥
3290,楦
3291,楨
3292,楩
3293,楪
3294,楫
3295,楬
3296,業
3297,楮
3298,楯
3299,極
3300,楶
3301,楷
3302,楸
3303,楹
3304,概
3305,榅
3306,榆
3307,榔
3308,榕
3309,榘
3310,榛
3311,榜
3312,榝
3313,榞
3314,榤
3315,榥
3316,榦
3317,榭
3318,榮
3319,榰
3320,榱
3321,榴
3322,榷
3323,榸
3324,榻
3325,榼
3326,榾
3327,榿
3328,槀
3329,槁
3330,槃
3331,槅
3332,槊
3333,構
3334,槌
3335,槍
3336,槎
3337,槐
3338,槔
3339,槖
3340,槜
3341,槢
3342,槥
3343,槧
3344,槨
3345,槩
3346,槫
3347,槬
3348,槭
3349,槮
3350,槱
3351,槲
3352,槳
3353,槹
3354,槽
3355,槿
3356,樀
3357,樁
3358,樂
3359,樅
3360,樊
3361,樏
3362,樑
3363,樓
3364,樔
3365,樕
3366,樗
3367,標
3368,樛
3369,樝
3370,樞
3371,樟
3372,模
3373,樣
3374,横
3375,樬
3376,樵
3377,樸
3378,樹
3379,樺
3380,樻
3381,樽
3382,樾
3383,橄
3384,橈
3385,橋
3386,橎
3387,橐
3388,橑
3389,橘
3390,橙
3391,橚
3392,橛
3393,橜
3394,橞
3395,機
3396,橡
3397,橤
3398,橦
3399,橫
3400,橰
3401,檀
3402,檄
3403,檇
3404,檉
3405,檎
3406,檏
3407,檐
3408,檑
3409,檗
3410,檜
3411,檝
3412,檞
3413,檟
3414,檠
3415,檢
3416,檣
3417,檮
3418,檳
3419,檻
3420,檿
3421,櫁
3422,櫂
3423,櫃
3424,櫉
3425,櫐
3426,櫑
3427,櫓
3428,櫚
3429,櫛
3430,櫜
3431,櫝
3432,櫟
3433,櫥
3434,櫧
3435,櫨
3436,櫩
3437,櫪
3438,櫬
3439,櫳
3440,櫴
3441,櫸
3442,櫺
3443,櫻
3444,欂
3445,欃
3446,欄
3447,欇
3448,權
3449,欏
3450,欒
3451,欔
3452,欖
3453,欙
3454,欝
3455,欠
3456,次
3457,欣
3458,欬
3459,欲
3460,欵
3461,欶
3462,欷
3463,欸
3464,欹
3465,欺
3466,欻
3467,欽
3468,款
3469,欿
3470,歃
3471,歆
3472,歇
3473,歈
3474,歉
3475,歊
3476,歌
3477,歎
3478,歏
3479,歐
3480,歔
3481,歕
3482,歗
3483,歘
3484,歙
3485,歛
3486,歜
3487,歟
3488,歠
3489,歡
3490,止
3491,正
3492,此
3493,步
3494,武
3495,歧
3496,歩
3497,歲
3498,歴
3499,歷
3500,歸
3501,歹
3502,死
3503,歿
3504,殂
3505,殃
3506,殄
3507,殆
3508,殉
3509,殊
3510,殍
3511,殑
3512,殖
3513,殘
3514,殛
3515,殞
3516,殢
3517,殣
3518,殤
3519,殪
3520,殫
3521,殭
3522,殯
3523,殲
3524,殳
3525,段
3526,殷
3527,殺
3528,殻
3529,殼
3530,殽
3531,殿
3532,毀
3533,毅
3534,毆
3535,毊
3536,毋
3537,母
3538,每
3539,毐
3540,毒
3541,毓
3542,比
3543,毖
3544,毗
3545,毘
3546,毚
3547,毛
3548,毡
3549,毣
3550,毫
3551,毬
3552,毯
3553,毰
3554,毳
3555,毶
3556,毷
3557,毸
3558,毹
3559,毺
3560,毾
3561,毿
3562,氂
3563,氃
3564,氄
3565,氅
3566,氈
3567,氉
3568,氊
3569,氋
3570,氍
3571,氎
3572,氏
3573,氐
3574,民
3575,氓
3576,氛
3577,氣
3578,氤
3579,氳
3580,水
3581,氵
3582,永
3583,氾
3584,汀
3585,汁
3586,求
3587,汃
3588,汊
3589,汍
3590,汎
3591,汐
3592,汔
3593,汕
3594,汗
3595,汙
3596,汚
3597,汛
3598,汜
3599,汝
3600,汞
3601,江
3602,池
3603,污
3604,汧
3605,汨
3606,汩
3607,汪
3608,汭
3609,汯
3610,汰
3611,汲
3612,汴
3613,汶
3614,汸
3615,汹
3616,決
3617,汽
3618,汾
3619,沁
3620,沂
3621,沃
3622,沄
3623,沅
3624,沆
3625,沇
3626,沈
3627,沉
3628,沌
3629,沍
3630,沐
3631,沒
3632,沓
3633,沔
3634,沖
3635,沙
3636,沚
3637,沛
3638,沜
3639,沫
3640,沬
3641,沭
3642,沮
3643,沱
3644,沲
3645,河
3646,沴
3647,沸
3648,油
3649,治
3650,沼
3651,沽
3652,沾
3653,沿
3654,況
3655,泂
3656,泄
3657,泅
3658,泆
3659,泉
3660,泊
3661,泌
3662,泎
3663,泐
3664,泓
3665,泔
3666,法
3667,泖
3668,泗
3669,泙
3670,泚
3671,泛
3672,泜
3673,泝
3674,泞
3675,泟
3676,泠
3677,泡
3678,波
3679,泣
3680,泥
3681,泧
3682,注
3683,泪
3684,泫
3685,泬
3686,泮
3687,泯
3688,泰
3689,泱
3690,泳
3691,泿
3692,洄
3693,洊
3694,洋
3695,洌
3696,洍
3697,洎
3698,洏
3699,洑
3700,洒
3701,洗
3702,洘
3703,洙
3704,洚
3705,洛
3706,洞
3707,洟
3708,津
3709,洧
3710,洨
3711,洩
3712,洪
3713,洫
3714,洭
3715,洮
3716,洱
3717,洲
3718,洳
3719,洴
3720,洵
3721,洶
3722,洸
3723,洹
3724,洺
3725,活
3726,洼
3727,洽
3728,派
3729,洿
3730,流
3731,浄
3732,浘
3733,浙
3734,浚
3735,浛
3736,浞
3737,浟
3738,浠
3739,浡
3740,浣
3741,浤
3742,浥
3743,浦
3744,浩
3745,浪
3746,浮
3747,浯
3748,浴
3749,海
3750,浸
3751,浹
3752,浻
3753,浼
3754,涂
3755,涅
3756,涇
3757,消
3758,涉
3759,涌
3760,涎
3761,涒
3762,涓
3763,涔
3764,涕
3765,涖
3766,涘
3767,涙
3768,涪
3769,涬
3770,涭
3771,涯
3772,液
3773,涳
3774,涴
3775,涵
3776,涶
3777,涷
3778,涸
3779,涼
3780,涿
3781,淀
3782,淄
3783,淅
3784,淆
3785,淇
3786,淈
3787,淋
3788,淏
3789,淑
3790,淒
3791,淖
3792,淘
3793,淙
3794,淚
3795,淛
3796,淜
3797,淝
3798,淞
3799,淡
3800,淤
3801,淥
3802,淦
3803,淨
3804,淩
3805,淪
3806,淫
3807,淬
3808,淮
3809,淰
3810,深
3811,淳
3812,淵
3813,淶
3814,混
3815,淹
3816,淺
3817,添
3818,淼
3819,渀
3820,清
3821,渌
3822,渕
3823,渙
3824,渚
3825,減
3826,渝
3827,渟
3828,渠
3829,渡
3830,渢
3831,渣
3832,渤
3833,渥
3834,渦
3835,渧
3836,渫
3837,測
3838,渭
3839,港
3840,渰
3841,渲
3842,渴
3843,游
3844,渺
3845,渻
3846,渼
3847,渾
3848,湃
3849,湄
3850,湊
3851,湋
3852,湌
3853,湍
3854,湎
3855,湓
3856,湔
3857,湖
3858,湘
3859,湛
3860,湜
3861,湝
3862,湞
3863,湟
3864,湧
3865,湫
3866,湮
3867,湯
3868,湲
3869,湼
3870,溆
3871,溈
3872,溉
3873,源
3874,溓
3875,溔
3876,準
3877,溘
3878,溜
3879,溝
3880,溟
3881,溠
3882,溢
3883,溥
3884,溧
3885,溩
3886,溪
3887,溫
3888,溮
3889,溯
3890,溱
3891,溲
3892,溳
3893,溴
3894,溵
3895,溶
3896,溷
3897,溺
3898,溻
3899,溼
3900,溽
3901,滀
3902,滁
3903,滂
3904,滃
3905,滄
3906,滅
3907,滇
3908,滉
3909,滋
3910,滌
3911,滍
3912,滎
3913,滏
3914,滑
3915,滓
3916,滔
3917,滕
3918,滛
3919,滫
3920,滬
3921,滮
3922,滯
3923,滲
3924,滴
3925,滸
3926,滹
3927,滻
3928,滾
3929,滿
3930,漁
3931,漂
3932,漆
3933,漉
3934,漊
3935,漎
3936,漏
3937,漓
3938,演
3939,漕
3940,漘
3941,漙
3942,漚
3943,漠
3944,漢
3945,漣
3946,漦
3947,漩
3948,漪
3949,漫
3950,漬
3951,漭
3952,漯
3953,漰
3954,漱
3955,漲
3956,漳
3957,漴
3958,漵
3959,漶
3960,漸
3961,漻
3962,漼
3963,漾
3964,漿
3965,潀
3966,潁
3967,潄
3968,潊
3969,潎
3970,潏
3971,潑
3972,潓
3973,潔
3974,潘
3975,潙
3976,潛
3977,潜
3978,潞
3979,潠
3980,潡
3981,潢
3982,潤
3983,潦
3984,潨
3985,潩
3986,潬
3987,潭
3988,潮
3989,潯
3990,潰
3991,潸
3992,潺
3993,潼
3994,潾
3995,潿
3996,澀
3997,澁
3998,澂
3999,澄
4000,澆
4001,澇
4002,澈
4003,澉
4004,澌
4005,澍
4006,澎
4007,澒
4008,澗
4009,澘
4010,澟
4011,澠
4012,澡
4013,澣
4014,澤
4015,澥
4016,澦
4017,澧
4018,澨
4019,澮
4020,澱
4021,澳
4022,澴
4023,澶
4024,澹
4025,澼
4026,澾
4027,激
4028,濁
4029,濂
4030,濃
4031,濆
4032,濇
4033,濉
4034,濊
4035,濎
4036,濕
4037,濘
4038,濙
4039,濛
4040,濜
4041,濞
4042,濟
4043,濠
4044,濡
4045,濤
4046,濩
4047,濫
4048,濬
4049,濮
4050,濯
4051,濱
4052,濴
4053,濶
4054,濺
4055,濾
4056,瀁
4057,瀃
4058,瀅
4059,瀆
4060,瀉
4061,瀋
4062,瀌
4063,瀍
4064,瀎
4065,瀏
4066,瀑
4067,瀔
4068,瀕
4069,瀖
4070,瀘
4071,瀚
4072,瀛
4073,瀜
4074,瀝
4075,瀟
4076,瀠
4077,瀡
4078,瀣
4079,瀥
4080,瀦
4081,瀧
4082,瀨
4083,瀩
4084,瀬
4085,瀯
4086,瀰
4087,瀲
4088,瀴
4089,瀵
4090,瀹
4091,瀺
4092,瀼
4093,瀾
4094,灀
4095,灂
4096,灃
4097,灇
4098,灊
4099,灌
4100,灑
4101,灒
4102,灕
4103,灘
4104,灙
4105,灜
4106,灝
4107,灞
4108,灣
4109,灤
4110,灧
4111,灨
4112,灩
4113,火
4114,灬
4115,灰
4116,灶
4117,灸
4118,灺
4119,灼
4120,災
4121,灾
4122,炁
4123,炅
4124,炊
4125,炎
4126,炒
4127,炙
4128,炧
4129,炫
4130,炬
4131,炭
4132,炮
4133,炯
4134,炰
4135,炱
4136,炲
4137,炳
4138,炴
4139,炷
4140,烈
4141,烏
4142,烔
4143,烘
4144,烙
4145,烚
4146,烜
4147,烝
4148,烟
4149,烱
4150,烹
4151,烻
4152,烽
4153,焄
4154,焉
4155,焌
4156,焐
4157,焕
4158,焙
4159,焚
4160,焜
4161,無
4162,焦
4163,焫
4164,焭
4165,焮
4166,焯
4167,焰
4168,焱
4169,然
4170,煁
4171,煅
4172,煆
4173,煉
4174,煌
4175,煎
4176,煑
4177,煒
4178,煕
4179,煖
4180,煗
4181,煙
4182,煜
4183,煞
4184,煠
4185,煢
4186,煤
4187,煥
4188,煦
4189,照
4190,煨
4191,煩
4192,煬
4193,煮
4194,煴
4195,煼
4196,煽
4197,熁
4198,熂
4199,熇
4200,熊
4201,熏
4202,熒
4203,熔
4204,熖
4205,熙
4206,熛
4207,熟
4208,熠
4209,熨
4210,熬
4211,熯
4212,熱
4213,熲
4214,熳
4215,熸
4216,熹
4217,熺
4218,熾
4219,燀
4220,燁
4221,燂
4222,燃
4223,燄
4224,燅
4225,燈
4226,燉
4227,燋
4228,燎
4229,燐
4230,燑
4231,燒
4232,燔
4233,燕
4234,燖
4235,燝
4236,營
4237,燠
4238,燥
4239,燦
4240,燧
4241,燬
4242,燭
4243,燮
4244,燹
4245,燻
4246,燼
4247,燾
4248,燿
4249,爀
4250,爆
4251,爇
4252,爊
4253,爍
4254,爐
4255,爑
4256,爚
4257,爛
4258,爝
4259,爞
4260,爟
4261,爣
4262,爨
4263,爪
4264,爬
4265,爭
4266,爮
4267,爰
4268,爲
4269,爵
4270,父
4271,爹
4272,爺
4273,爻
4274,爽
4275,爾
4276,牀
4277,牁
4278,牂
4279,牆
4280,片
4281,版
4282,牋
4283,牌
4284,牎
4285,牑
4286,牒
4287,牓
4288,牕
4289,牖
4290,牗
4291,牘
4292,牙
4293,牛
4294,牜
4295,牝
4296,牟
4297,牡
4298,牢
4299,牣
4300,牧
4301,物
4302,牯
4303,牲
4304,牴
4305,牷
4306,牸
4307,特
4308,牽
4309,牾
4310,犀
4311,犁
4312,犂
4313,犄
4314,犇
4315,犉
4316,犍
4317,犒
4318,犖
4319,犗
4320,犛
4321,犢
4322,犧
4323,犨
4324,犬
4325,犭
4326,犮
4327,犯
4328,犴
4329,狀
4330,狁
4331,狂
4332,狃
4333,狄
4334,狌
4335,狎
4336,狐
4337,狒
4338,狔
4339,狖
4340,狗
4341,狘
4342,狙
4343,狚
4344,狠
4345,狡
4346,狢
4347,狥
4348,狨
4349,狩
4350,狫
4351,狴
4352,狵
4353,狶
4354,狷
4355,狸
4356,狹
4357,狺
4358,狻
4359,狼
4360,狽
4361,猊
4362,猒
4363,猓
4364,猖
4365,猗
4366,猘
4367,猛
4368,猜
4369,猢
4370,猥
4371,猧
4372,猨
4373,猩
4374,猪
4375,猫
4376,猭
4377,猰
4378,猱
4379,猲
4380,猳
4381,猴
4382,猶
4383,猷
4384,猺
4385,猻
4386,猾
4387,猿
4388,獃
4389,獄
4390,獅
4391,獌
4392,獍
4393,獎
4394,獐
4395,獑
4396,獒
4397,獓
4398,獗
4399,獝
4400,獠
4401,獡
4402,獦
4403,獨
4404,獪
4405,獫
4406,獬
4407,獮
4408,獯
4409,獰
4410,獱
4411,獲
4412,獳
4413,獵
4414,獷
4415,獸
4416,獹
4417,獺
4418,獻
4419,獼
4420,玃
4421,玄
4422,玅
4423,玆
4424,率
4425,玉
4426,王
4427,玎
4428,玓
4429,玕
4430,玖
4431,玘
4432,玞
4433,玠
4434,玢
4435,玦
4436,玩
4437,玫
4438,玭
4439,玲
4440,玳
4441,玷
4442,玻
4443,玼
4444,珀
4445,珂
4446,珃
4447,珈
4448,珉
4449,珊
4450,珍
4451,珎
4452,珏
4453,珓
4454,珙
4455,珝
4456,珞
4457,珠
4458,珣
4459,珤
4460,珥
4461,珦
4462,珩
4463,珪
4464,班
4465,珮
4466,珵
4467,珽
4468,現
4469,琁
4470,球
4471,琅
4472,理
4473,琇
4474,琉
4475,琊
4476,琖
4477,琚
4478,琛
4479,琡
4480,琢
4481,琤
4482,琥
4483,琦
4484,琨
4485,琪
4486,琫
4487,琬
4488,琭
4489,琮
4490,琯
4491,琰
4492,琱
4493,琲
4494,琳
4495,琴
4496,琵
4497,琶
4498,琹
4499,琼
4500,瑀
4501,瑁
4502,瑇
4503,瑉
4504,瑊
4505,瑋
4506,瑑
4507,瑒
4508,瑕
4509,瑗
4510,瑘
4511,瑙
4512,瑚
4513,瑛
4514,瑜
4515,瑝
4516,瑞
4517,瑟
4518,瑠
4519,瑣
4520,瑤
4521,瑦
4522,瑨
4523,瑩
4524,瑪
4525,瑯
4526,瑰
4527,瑱
4528,瑲
4529,瑳
4530,瑴
4531,瑶
4532,瑺
4533,瑽
4534,瑾
4535,瑿
4536,璀
4537,璁
4538,璃
4539,璅
4540,璆
4541,璇
4542,璈
4543,璉
4544,璊
4545,璋
4546,璐
4547,璘
4548,璚
4549,璜
4550,璞
4551,璟
4552,璠
4553,璡
4554,璣
4555,璥
4556,璦
4557,璧
4558,璨
4559,璩
4560,璪
4561,璫
4562,環
4563,璲
4564,璵
4565,璹
4566,璺
4567,璽
4568,璿
4569,瓀
4570,瓃
4571,瓅
4572,瓈
4573,瓊
4574,瓌
4575,瓏
4576,瓓
4577,瓔
4578,瓘
4579,瓚
4580,瓜
4581,瓟
4582,瓠
4583,瓢
4584,瓣
4585,瓤
4586,瓦
4587,瓮
4588,瓴
4589,瓶
4590,瓷
4591,瓿
4592,甀
4593,甃
4594,甄
4595,甈
4596,甋
4597,甌
4598,甍
4599,甎
4600,甑
4601,甒
4602,甓
4603,甔
4604,甕
4605,甖
4606,甘
4607,甚
4608,甜
4609,甝
4610,甞
4611,生
4612,產
4613,甤
4614,甥
4615,甦
4616,用
4617,甪
4618,甫
4619,甬
4620,甯
4621,田
4622,由
4623,甲
4624,申
4625,男
4626,甸
4627,町
4628,甽
4629,甿
4630,畇
4631,畊
4632,畋
4633,界
4634,畎
4635,畏
4636,畐
4637,畔
4638,留
4639,畚
4640,畛
4641,畜
4642,畝
4643,畢
4644,畤
4645,略
4646,畦
4647,畧
4648,番
4649,畫
4650,畬
4651,畮
4652,畯
4653,異
4654,畱
4655,當
4656,畸
4657,畹
4658,畺
4659,畼
4660,畾
4661,畿
4662,疃
4663,疆
4664,疇
4665,疈
4666,疊
4667,疋
4668,疎
4669,疏
4670,疑
4671,疒
4672,疓
4673,疕
4674,疚
4675,疢
4676,疣
4677,疥
4678,疫
4679,疲
4680,疳
4681,疴
4682,疵
4683,疹
4684,疻
4685,疼
4686,疽
4687,疾
4688,痁
4689,病
4690,痆
4691,痊
4692,痍
4693,痎
4694,痏
4695,痑
4696,痒
4697,痔
4698,痕
4699,痗
4700,痛
4701,痞
4702,痟
4703,痡
4704,痦
4705,痰
4706,痱
4707,痹
4708,痺
4709,痼
4710,痾
4711,痿
4712,瘀
4713,瘁
4714,瘂
4715,瘃
4716,瘇
4717,瘉
4718,瘕
4719,瘖
4720,瘞
4721,瘟
4722,瘠
4723,瘡
4724,瘢
4725,瘤
4726,瘥
4727,瘦
4728,瘧
4729,瘮
4730,瘯
4731,瘳
4732,瘴
4733,瘵
4734,瘼
4735,療
4736,癃
4737,癊
4738,癏
4739,癕
4740,癖
4741,癗
4742,癘
4743,癡
4744,癢
4745,癤
4746,癥
4747,癩
4748,癬
4749,癭
4750,癯
4751,癰
4752,癱
4753,癲
4754,癸
4755,登
4756,發
4757,白
4758,百
4759,癿
4760,皁
4761,皂
4762,皃
4763,的
4764,皆
4765,皇
4766,皈
4767,皋
4768,皎
4769,皐
4770,皓
4771,皖
4772,皙
4773,皚
4774,皛
4775,皜
4776,皞
4777,皠
4778,皡
4779,皤
4780,皥
4781,皦
4782,皪
4783,皮
4784,皰
4785,皴
4786,皵
4787,皷
4788,皸
4789,皺
4790,皻
4791,皾
4792,皿
4793,盂
4794,盃
4795,盆
4796,盈
4797,益
4798,盌
4799,盍
4800,盎
4801,盒
4802,盔
4803,盖
4804,盗
4805,盛
4806,盜
4807,盝
4808,盞
4809,盟
4810,盡
4811,監
4812,盤
4813,盥
4814,盦
4815,盧
4816,盩
4817,盪
4818,盬
4819,目
4820,盯
4821,盱
4822,盲
4823,直
4824,相
4825,盻
4826,盼
4827,盾
4828,省
4829,眄
4830,眇
4831,眈
4832,眉
4833,眊
4834,看
4835,眎
4836,眓
4837,眘
4838,眙
4839,眚
4840,真
4841,眠
4842,眡
4843,眢
4844,眥
4845,眦
4846,眨
4847,眩
4848,眭
4849,眯
4850,眴
4851,眵
4852,眶
4853,眷
4854,眸
4855,眹
4856,眺
4857,眼
4858,眽
4859,眾
4860,着
4861,睄
4862,睆
4863,睇
4864,睋
4865,睍
4866,睎
4867,睒
4868,睖
4869,睗
4870,睚
4871,睛
4872,睞
4873,睟
4874,睠
4875,睡
4876,睢
4877,督
4878,睥
4879,睦
4880,睨
4881,睩
4882,睪
4883,睫
4884,睬
4885,睹
4886,睺
4887,睽
4888,睿
4889,瞀
4890,瞇
4891,瞋
4892,瞌
4893,瞍
4894,瞎
4895,瞐
4896,瞑
4897,瞖
4898,瞞
4899,瞠
4900,瞢
4901,瞤
4902,瞥
4903,瞪
4904,瞬
4905,瞭
4906,瞰
4907,瞳
4908,瞵
4909,瞶
4910,瞷
4911,瞹
4912,瞻
4913,瞼
4914,瞽
4915,瞿
4916,矇
4917,矉
4918,矌
4919,矍
4920,矐
4921,矑
4922,矖
4923,矗
4924,矚
4925,矛
4926,矜
4927,矝
4928,矞
4929,矟
4930,矢
4931,矣
4932,知
4933,矧
4934,矩
4935,矪
4936,矬
4937,短
4938,矮
4939,矯
4940,矰
4941,矱
4942,矲
4943,石
4944,矹
4945,矻
4946,矼
4947,砂
4948,砅
4949,砆
4950,砉
4951,砌
4952,砍
4953,砑
4954,砒
4955,研
4956,砢
4957,砣
4958,砥
4959,砦
4960,砧
4961,砭
4962,砯
4963,砰
4964,砲
4965,砳
4966,破
4967,硃
4968,硉
4969,硊
4970,硎
4971,硏
4972,硐
4973,硝
4974,硞
4975,硠
4976,硤
4977,硨
4978,硩
4979,硫
4980,硬
4981,确
4982,硯
4983,硼
4984,硾
4985,碁
4986,碇
4987,碈
4988,碌
4989,碍
4990,碎
4991,碏
4992,碐
4993,碑
4994,碓
4995,碔
4996,碕
4997,碖
4998,碗
4999,碙
5000,碚
5001,碟
5002,碡
5003,碢
5004,碣
5005,碧
5006,碨
5007,碩
5008,碪
5009,碭
5010,碯
5011,確
5012,碻
5013,碼
5014,碾
5015,磁
5016,磅
5017,磈
5018,磊
5019,磋
5020,磎
5021,磐
5022,磑
5023,磓
5024,磔
5025,磕
5026,磚
5027,磝
5028,磢
5029,磣
5030,磥
5031,磧
5032,磨
5033,磬
5034,磯
5035,磲
5036,磳
5037,磴
5038,磵
5039,磷
5040,磹
5041,磺
5042,磻
5043,磽
5044,磾
5045,礊
5046,礌
5047,礎
5048,礐
5049,礒
5050,礓
5051,礙
5052,礜
5053,礦
5054,礧
5055,礪
5056,礫
5057,礬
5058,礮
5059,礰
5060,礱
5061,礲
5062,礴
5063,示
5064,礻
5065,礽
5066,社
5067,礿
5068,祀
5069,祁
5070,祅
5071,祆
5072,祇
5073,祈
5074,祉
5075,祊
5076,祍
5077,祏
5078,祐
5079,祓
5080,祔
5081,祕
5082,祖
5083,祗
5084,祚
5085,祛
5086,祜
5087,祝
5088,神
5089,祟
5090,祠
5091,祥
5092,祧
5093,票
5094,祭
5095,祲
5096,祶
5097,祺
5098,祼
5099,祿
5100,禀
5101,禁
5102,禄
5103,禇
5104,禉
5105,禊
5106,禋
5107,禍
5108,禎
5109,福
5110,禔
5111,禕
5112,禖
5113,禗
5114,禘
5115,禜
5116,禝
5117,禡
5118,禦
5119,禧
5120,禨
5121,禩
5122,禪
5123,禫
5124,禬
5125,禮
5126,禰
5127,禱
5128,禳
5129,禴
5130,禷
5131,禹
5132,禺
5133,禽
5134,禾
5135,禿
5136,秀
5137,私
5138,秅
5139,秈
5140,秉
5141,秋
5142,科
5143,秔
5144,秕
5145,秖
5146,秘
5147,秝
5148,秞
5149,租
5150,秣
5151,秤
5152,秦
5153,秧
5154,秩
5155,秪
5156,秫
5157,秬
5158,秭
5159,秳
5160,秸
5161,移
5162,稀
5163,稂
5164,稅
5165,稉
5166,稊
5167,程
5168,稌
5169,稍
5170,稏
5171,稑
5172,稔
5173,稗
5174,稙
5175,稚
5176,稜
5177,稟
5178,稠
5179,稬
5180,稭
5181,種
5182,稱
5183,稷
5184,稹
5185,稻
5186,稼
5187,稽
5188,稾
5189,稿
5190,穀
5191,穆
5192,穇
5193,穉
5194,穊
5195,積
5196,穎
5197,穗
5198,穜
5199,穟
5200,穠
5201,穡
5202,穢
5203,穩
5204,穫
5205,穭
5206,穮
5207,穰
5208,穱
5209,穴
5210,究
5211,穸
5212,穹
5213,空
5214,穽
5215,穾
5216,穿
5217,窀
5218,突
5219,窄
5220,窅
5221,窆
5222,窈
5223,窊
5224,窋
5225,窌
5226,窑
5227,窒
5228,窓
5229,窕
5230,窖
5231,窗
5232,窘
5233,窙
5234,窞
5235,窟
5236,窠
5237,窡
5238,窣
5239,窩
5240,窪
5241,窬
5242,窮
5243,窯
5244,窰
5245,窱
5246,窳
5247,窵
5248,窶
5249,窸
5250,窺
5251,窻
5252,窼
5253,窾
5254,窿
5255,竁
5256,竃
5257,竄
5258,竅
5259,竇
5260,竈
5261,竊
5262,立
5263,竑
5264,竚
5265,竝
5266,竟
5267,章
5268,竢
5269,竣
5270,童
5271,竦
5272,竪
5273,竫
5274,竭
5275,端
5276,競
5277,竹
5278,竺
5279,竽
5280,竿
5281,笁
5282,笄
5283,笆
5284,笇
5285,笈
5286,笋
5287,笏
5288,笐
5289,笑
5290,笓
5291,笖
5292,笙
5293,笛
5294,笝
5295,笞
5296,笠
5297,笡
5298,笥
5299,符
5300,第
5301,笭
5302,笮
5303,笯
5304,笱
5305,笲
5306,笳
5307,笴
5308,笶
5309,笻
5310,筁
5311,筆
5312,筇
5313,筈
5314,等
5315,筋
5316,筌
5317,筍
5318,筏
5319,筐
5320,筑
5321,筒
5322,筓
5323,答
5324,筕
5325,策
5326,筘
5327,筝
5328,筠
5329,筣
5330,筤
5331,筥
5332,筦
5333,筭
5334,筮
5335,筯
5336,筰
5337,筱
5338,筲
5339,筳
5340,筴
5341,筵
5342,箄
5343,箆
5344,箇
5345,箊
5346,箋
5347,箎
5348,箏
5349,箐
5350,箑
5351,箒
5352,箔
5353,箕
5354,算
5355,箘
5356,箙
5357,箚
5358,箜
5359,箝
5360,箠
5361,管
5362,箬
5363,箭
5364,箱
5365,箳
5366,箴
5367,箵
5368,箸
5369,箾
5370,節
5371,篁
5372,篂
5373,範
5374,篆
5375,篇
5376,築
5377,篊
5378,篋
5379,篌
5380,篔
5381,篖
5382,篘
5383,篙
5384,篚
5385,篛
5386,篝
5387,篠
5388,篡
5389,篣
5390,篤
5391,篥
5392,篦
5393,篨
5394,篩
5395,篪
5396,篲
5397,篳
5398,篴
5399,篷
5400,篸
5401,篾
5402,篿
5403,簀
5404,簁
5405,簃
5406,簇
5407,簉
5408,簋
5409,簌
5410,簍
5411,簎
5412,簏
5413,簑
5414,簔
5415,簜
5416,簝
5417,簞
5418,簟
5419,簠
5420,簡
5421,簣
5422,簦
5423,簧
5424,簨
5425,簩
5426,簪
5427,簫
5428,簮
5429,簰
5430,簳
5431,簴
5432,簵
5433,簷
5434,簸
5435,簹
5436,簺
5437,簽
5438,簾
5439,簿
5440,籀
5441,籃
5442,籉
5443,籊
5444,籌
5445,籍
5446,籐
5447,籓
5448,籔
5449,籙
5450,籛
5451,籜
5452,籝
5453,籞
5454,籟
5455,籠
5456,籢
5457,籤
5458,籥
5459,籦
5460,籧
5461,籩
5462,籫
5463,籬
5464,籮
5465,籯
5466,籲
5467,米
5468,籹
5469,籺
5470,粃
5471,粉
5472,粒
5473,粔
5474,粕
5475,粗
5476,粘
5477,粟
5478,粢
5479,粣
5480,粤
5481,粥
5482,粧
5483,粮
5484,粱
5485,粲
5486,粳
5487,粵
5488,粹
5489,粻
5490,粼
5491,粽
5492,精
5493,糅
5494,糇
5495,糈
5496,糉
5497,糊
5498,糒
5499,糓
5500,糖
5501,糗
5502,糜
5503,糝
5504,糞
5505,糟
5506,糠
5507,糢
5508,糦
5509,糧
5510,糪
5511,糭
5512,糯
5513,糰
5514,糲
5515,糴
5516,糵
5517,糶
5518,糸
5519,糹
5520,糺
5521,系
5522,糾
5523,紀
5524,紂
5525,紃
5526,約
5527,紅
5528,紆
5529,紇
5530,紈
5531,紉
5532,紊
5533,紋
5534,納
5535,紐
5536,紓
5537,純
5538,紕
5539,紖
5540,紗
5541,紘
5542,紙
5543,級
5544,紛
5545,紜
5546,紝
5547,紞
5548,素
5549,紡
5550,索
5551,紫
5552,紬
5553,紭
5554,累
5555,細
5556,紱
5557,紲
5558,紳
5559,紵
5560,紹
5561,紺
5562,紼
5563,紿
5564,絀
5565,絁
5566,終
5567,絃
5568,組
5569,絆
5570,絇
5571,絍
5572,絏
5573,結
5574,絓
5575,絕
5576,絖
5577,絙
5578,絚
5579,絛
5580,絜
5581,絞
5582,絡
5583,絢
5584,絣
5585,給
5586,絨
5587,絪
5588,絬
5589,絮
5590,絰
5591,統
5592,絲
5593,絳
5594,絶
5595,絸
5596,絹
5597,絺
5598,絿
5599,綀
5600,綃
5601,綆
5602,綈
5603,綉
5604,綊
5605,綌
5606,綍
5607,綏
5608,經
5609,綖
5610,綘
5611,綛
5612,綜
5613,綝
5614,綟
5615,綠
5616,綢
5617,綣
5618,綦
5619,綩
5620,綫
5621,綬
5622,維
5623,綮
5624,綯
5625,綰
5626,綱
5627,網
5628,綳
5629,綴
5630,綵
5631,綷
5632,綸
5633,綹
5634,綺
5635,綻
5636,綽
5637,綾
5638,綿
5639,緇
5640,緉
5641,緊
5642,緋
5643,緌
5644,緍
5645,緑
5646,緒
5647,緗
5648,緘
5649,線
5650,緛
5651,緜
5652,緝
5653,緞
5654,締
5655,緡
5656,緣
5657,緤
5658,緦
5659,編
5660,緩
5661,緪
5662,緫
5663,緬
5664,緯
5665,緱
5666,緲
5667,練
5668,緵
5669,緶
5670,緹
5671,緺
5672,緻
5673,緼
5674,縁
5675,縆
5676,縈
5677,縉
5678,縊
5679,縋
5680,縐
5681,縑
5682,縓
5683,縗
5684,縚
5685,縛
5686,縝
5687,縞
5688,縟
5689,縠
5690,縢
5691,縣
5692,縧
5693,縫
5694,縭
5695,縮
5696,縯
5697,縱
5698,縲
5699,縵
5700,縶
5701,縷
5702,縹
5703,縻
5704,總
5705,績
5706,縿
5707,繁
5708,繂
5709,繃
5710,繄
5711,繅
5712,繆
5713,繇
5714,繍
5715,繐
5716,繒
5717,織
5718,繕
5719,繖
5720,繙
5721,繚
5722,繞
5723,繠
5724,繡
5725,繢
5726,繣
5727,繩
5728,繪
5729,繫
5730,繭
5731,繰
5732,繳
5733,繹
5734,繻
5735,繼
5736,繽
5737,繾
5738,繿
5739,纁
5740,纂
5741,纆
5742,纇
5743,纈
5744,纊
5745,續
5746,纍
5747,纏
5748,纑
5749,纒
5750,纓
5751,纔
5752,纕
5753,纖
5754,纘
5755,纚
5756,纛
5757,纜
5758,纟
5759,纷
5760,经
5761,绵
5762,缐
5763,缝
5764,缶
5765,缸
5766,缺
5767,缽
5768,缾
5769,罃
5770,罄
5771,罅
5772,罇
5773,罋
5774,罌
5775,罍
5776,罏
5777,罐
5778,罒
5779,罓
5780,罔
5781,罕
5782,罘
5783,罛
5784,罝
5785,罟
5786,罡
5787,罣
5788,罤
5789,罥
5790,罦
5791,罨
5792,罩
5793,罪
5794,罫
5795,置
5796,罯
5797,罰
5798,署
5799,罳
5800,罵
5801,罷
5802,罸
5803,罹
5804,罻
5805,罼
5806,罽
5807,罾
5808,罿
5809,羃
5810,羅
5811,羆
5812,羇
5813,羈
5814,羉
5815,羊
5816,羌
5817,美
5818,羑
5819,羔
5820,羖
5821,羗
5822,羚
5823,羜
5824,羝
5825,羞
5826,羡
5827,羢
5828,羣
5829,群
5830,羨
5831,義
5832,羮
5833,羯
5834,羲
5835,羵
5836,羶
5837,羸
5838,羹
5839,羺
5840,羽
5841,羾
5842,羿
5843,翀
5844,翁
5845,翃
5846,翅
5847,翊
5848,翌
5849,翍
5850,翎
5851,翏
5852,習
5853,翔
5854,翕
5855,翛
5856,翟
5857,翠
5858,翡
5859,翣
5860,翥
5861,翦
5862,翩
5863,翫
5864,翬
5865,翮
5866,翰
5867,翱
5868,翳
5869,翶
5870,翹
5871,翺
5872,翻
5873,翼
5874,翽
5875,翾
5876,翿
5877,耀
5878,老
5879,考
5880,耄
5881,者
5882,耆
5883,耇
5884,耉
5885,耋
5886,而
5887,耍
5888,耎
5889,耐
5890,耑
5891,耒
5892,耔
5893,耕
5894,耗
5895,耘
5896,耜
5897,耦
5898,耨
5899,耰
5900,耳
5901,耴
5902,耵
5903,耶
5904,耻
5905,耼
5906,耽
5907,耿
5908,聃
5909,聆
5910,聊
5911,聒
5912,聖
5913,聘
5914,聚
5915,聞
5916,聫
5917,聯
5918,聰
5919,聱
5920,聲
5921,聳
5922,聶
5923,職
5924,聹
5925,聽
5926,聾
5927,聿
5928,肄
5929,肅
5930,肆
5931,肇
5932,肉
5933,肋
5934,肌
5935,肎
5936,肓
5937,肖
5938,肘
5939,肙
5940,肚
5941,肛
5942,肜
5943,肝
5944,股
5945,肢
5946,肥
5947,肩
5948,肪
5949,肫
5950,肬
5951,肭
5952,肯
5953,肱
5954,育
5955,肴
5956,肶
5957,肸
5958,肹
5959,肺
5960,胃
5961,胄
5962,胆
5963,胉
5964,背
5965,胎
5966,胏
5967,胔
5968,胖
5969,胗
5970,胘
5971,胙
5972,胚
5973,胛
5974,胝
5975,胞
5976,胡
5977,胣
5978,胤
5979,胥
5980,胭
5981,胮
5982,胯
5983,胱
5984,胷
5985,胸
5986,胼
5987,能
5988,胾
5989,脁
5990,脂
5991,脃
5992,脅
5993,脆
5994,脇
5995,脈
5996,脉
5997,脊
5998,脋
5999,脗
6000,脚
6001,脛
6002,脝
6003,脞
6004,脣
6005,脤
6006,脩
6007,脫
6008,脯
6009,脰
6010,脹
6011,脽
6012,脾
6013,腁
6014,腆
6015,腇
6016,腊
6017,腋
6018,腎
6019,腐
6020,腑
6021,腒
6022,腓
6023,腔
6024,腕
6025,腗
6026,腠
6027,腥
6028,腦
6029,腪
6030,腫
6031,腭
6032,腮
6033,腯
6034,腰
6035,腲
6036,腳
6037,腴
6038,腷
6039,腸
6040,腹
6041,腾
6042,腿
6043,膀
6044,膁
6045,膂
6046,膃
6047,膇
6048,膈
6049,膊
6050,膋
6051,膏
6052,膓
6053,膚
6054,膜
6055,膝
6056,膠
6057,膦
6058,膨
6059,膩
6060,膰
6061,膳
6062,膴
6063,膺
6064,膻
6065,膽
6066,膾
6067,膿
6068,臀
6069,臁
6070,臂
6071,臄
6072,臆
6073,臈
6074,臉
6075,臊
6076,臍
6077,臏
6078,臑
6079,臕
6080,臘
6081,臙
6082,臚
6083,臛
6084,臟
6085,臠
6086,臡
6087,臣
6088,臥
6089,臧
6090,臨
6091,自
6092,臬
6093,臭
6094,臮
6095,臯
6096,臲
6097,至
6098,致
6099,臷
6100,臺
6101,臻
6102,臼
6103,臽
6104,臾
6105,舁
6106,舂
6107,舃
6108,舄
6109,舅
6110,舆
6111,與
6112,興
6113,舉
6114,舊
6115,舋
6116,舌
6117,舍
6118,舐
6119,舒
6120,舔
6121,舕
6122,舖
6123,舘
6124,舚
6125,舛
6126,舜
6127,舞
6128,舟
6129,舠
6130,舡
6131,舥
6132,舩
6133,航
6134,舫
6135,般
6136,舲
6137,舳
6138,舴
6139,舵
6140,舶
6141,舷
6142,舸
6143,船
6144,舼
6145,艄
6146,艅
6147,艇
6148,艋
6149,艎
6150,艑
6151,艓
6152,艖
6153,艗
6154,艘
6155,艚
6156,艛
6157,艟
6158,艣
6159,艤
6160,艦
6161,艨
6162,艫
6163,艮
6164,良
6165,艱
6166,色
6167,艷
6168,艸
6169,艹
6170,艽
6171,艾
6172,芃
6173,芄
6174,芆
6175,芊
6176,芋
6177,芍
6178,芎
6179,芑
6180,芒
6181,芓
6182,芙
6183,芚
6184,芝
6185,芟
6186,芡
6187,芣
6188,芤
6189,芥
6190,芨
6191,芩
6192,芫
6193,芬
6194,芭
6195,芮
6196,芰
6197,花
6198,芳
6199,芷
6200,芸
6201,芹
6202,芻
6203,芼
6204,芽
6205,芾
6206,芿
6207,苐
6208,苑
6209,苒
6210,苓
6211,苔
6212,苕
6213,苗
6214,苙
6215,苛
6216,苜
6217,苞
6218,苟
6219,苡
6220,苢
6221,苣
6222,若
6223,苦
6224,苧
6225,苫
6226,苮
6227,苯
6228,英
6229,苴
6230,苶
6231,苷
6232,苹
6233,苻
6234,苽
6235,苾
6236,茀
6237,茁
6238,茂
6239,范
6240,茄
6241,茅
6242,茆
6243,茇
6244,茈
6245,茉
6246,茊
6247,茌
6248,茍
6249,茗
6250,茘
6251,茙
6252,茜
6253,茝
6254,茨
6255,茫
6256,茭
6257,茯
6258,茱
6259,茲
6260,茵
6261,茶
6262,茸
6263,茹
6264,荀
6265,荃
6266,荄
6267,荅
6268,荆
6269,荇
6270,荈
6271,草
6272,荍
6273,荎
6274,荏
6275,荐
6276,荑
6277,荒
6278,荔
6279,荖
6280,荗
6281,荳
6282,荷
6283,荻
6284,荼
6285,莅
6286,莆
6287,莉
6288,莊
6289,莋
6290,莎
6291,莒
6292,莓
6293,莖
6294,莘
6295,莛
6296,莞
6297,莠
6298,莢
6299,莦
6300,莧
6301,莨
6302,莩
6303,莪
6304,莫
6305,莬
6306,莼
6307,莽
6308,莾
6309,莿
6310,菀
6311,菁
6312,菂
6313,菅
6314,菇
6315,菉
6316,菊
6317,菌
6318,菏
6319,菐
6320,菑
6321,菓
6322,菖
6323,菘
6324,菜
6325,菟
6326,菡
6327,菢
6328,菩
6329,菫
6330,菭
6331,華
6332,菰
6333,菱
6334,菲
6335,菴
6336,菵
6337,菶
6338,菸
6339,菼
6340,菽
6341,萁
6342,萃
6343,萄
6344,萇
6345,萊
6346,萋
6347,萌
6348,萍
6349,萎
6350,萏
6351,萐
6352,萑
6353,萠
6354,萡
6355,萬
6356,萯
6357,萱
6358,萵
6359,萸
6360,萼
6361,落
6362,葅
6363,葆
6364,葉
6365,葊
6366,葌
6367,葐
6368,葑
6369,葓
6370,著
6371,葘
6372,葚
6373,葛
6374,葜
6375,葠
6376,葡
6377,葢
6378,董
6379,葦
6380,葩
6381,葫
6382,葬
6383,葭
6384,葮
6385,葯
6386,葱
6387,葳
6388,葵
6389,葶
6390,葷
6391,葹
6392,葺
6393,葼
6394,蒀
6395,蒂
6396,蒐
6397,蒓
6398,蒔
6399,蒙
6400,蒜
6401,蒞
6402,蒟
6403,蒡
6404,蒢
6405,蒧
6406,蒨
6407,蒪
6408,蒭
6409,蒯
6410,蒱
6411,蒲
6412,蒸
6413,蒹
6414,蒺
6415,蒻
6416,蒼
6417,蒿
6418,蓀
6419,蓁
6420,蓂
6421,蓄
6422,蓆
6423,蓉
6424,蓊
6425,蓋
6426,蓍
6427,蓏
6428,蓐
6429,蓑
6430,蓓
6431,蓖
6432,蓛
6433,蓡
6434,蓧
6435,蓨
6436,蓪
6437,蓬
6438,蓮
6439,蓰
6440,蓱
6441,蓴
6442,蓹
6443,蓻
6444,蓼
6445,蓽
6446,蓿
6447,蔀
6448,蔆
6449,蔉
6450,蔌
6451,蔍
6452,蔑
6453,蔓
6454,蔔
6455,蔕
6456,蔗
6457,蔚
6458,蔞
6459,蔟
6460,蔡
6461,蔣
6462,蔥
6463,蔦
6464,蔫
6465,蔬
6466,蔭
6467,蔯
6468,蔲
6469,蔴
6470,蔵
6471,蔻
6472,蔽
6473,蔾
6474,蔿
6475,蕃
6476,蕈
6477,蕉
6478,蕊
6479,蕋
6480,蕎
6481,蕕
6482,蕖
6483,蕘
6484,蕙
6485,蕚
6486,蕝
6487,蕞
6488,蕟
6489,蕡
6490,蕣
6491,蕤
6492,蕨
6493,蕩
6494,蕪
6495,蕬
6496,蕭
6497,蕷
6498,蕸
6499,蕺
6500,蕾
6501,薄
6502,薅
6503,薇
6504,薈
6505,薊
6506,薋
6507,薌
6508,薍
6509,薏
6510,薑
6511,薔
6512,薖
6513,薗
6514,薙
6515,薚
6516,薛
6517,薜
6518,薝
6519,薤
6520,薦
6521,薨
6522,薩
6523,薪
6524,薫
6525,薯
6526,薰
6527,薲
6528,薶
6529,薹
6530,薺
6531,薾
6532,薿
6533,藁
6534,藂
6535,藉
6536,藋
6537,藍
6538,藎
6539,藏
6540,藐
6541,藑
6542,藕
6543,藖
6544,藜
6545,藝
6546,藟
6547,藤
6548,藥
6549,藨
6550,藩
6551,藪
6552,藳
6553,藴
6554,藶
6555,藷
6556,藹
6557,藺
6558,藻
6559,藿
6560,蘀
6561,蘂
6562,蘄
6563,蘅
6564,蘆
6565,蘇
6566,蘊
6567,蘋
6568,蘖
6569,蘗
6570,蘘
6571,蘙
6572,蘚
6573,蘢
6574,蘤
6575,蘧
6576,蘩
6577,蘪
6578,蘭
6579,蘯
6580,蘸
6581,蘺
6582,蘼
6583,蘿
6584,虀
6585,虆
6586,虈
6587,虎
6588,虐
6589,虒
6590,虓
6591,虔
6592,處
6593,虖
6594,虙
6595,虛
6596,虜
6597,虞
6598,號
6599,虡
6600,虢
6601,虣
6602,虤
6603,虥
6604,虧
6605,虩
6606,虫
6607,虬
6608,虯
6609,虱
6610,虵
6611,虹
6612,虺
6613,虻
6614,虽
6615,蚊
6616,蚋
6617,蚌
6618,蚍
6619,蚏
6620,蚑
6621,蚓
6622,蚖
6623,蚛
6624,蚡
6625,蚤
6626,蚨
6627,蚩
6628,蚪
6629,蚯
6630,蚰
6631,蚳
6632,蚴
6633,蚿
6634,蛀
6635,蛁
6636,蛄
6637,蛆
6638,蛇
6639,蛉
6640,蛑
6641,蛙
6642,蛚
6643,蛛
6644,蛜
6645,蛟
6646,蛣
6647,蛤
6648,蛦
6649,蛩
6650,蛬
6651,蛭
6652,蛷
6653,蛸
6654,蛹
6655,蛺
6656,蛻
6657,蛾
6658,蜀
6659,蜂
6660,蜃
6661,蜆
6662,蜇
6663,蜉
6664,蜊
6665,蜋
6666,蜍
6667,蜑
6668,蜒
6669,蜓
6670,蜘
6671,蜚
6672,蜜
6673,蜞
6674,蜡
6675,蜣
6676,蜥
6677,蜦
6678,蜨
6679,蜩
6680,蜫
6681,蜮
6682,蜯
6683,蜲
6684,蜴
6685,蜺
6686,蜻
6687,蜾
6688,蜿
6689,蝀
6690,蝃
6691,蝌
6692,蝎
6693,蝓
6694,蝕
6695,蝗
6696,蝘
6697,蝙
6698,蝛
6699,蝝
6700,蝟
6701,蝠
6702,蝣
6703,蝤
6704,蝥
6705,蝦
6706,蝨
6707,蝮
6708,蝯
6709,蝱
6710,蝴
6711,蝶
6712,蝸
6713,蝹
6714,螂
6715,螃
6716,螄
6717,螆
6718,螉
6719,融
6720,螓
6721,螔
6722,螖
6723,螗
6724,螘
6725,螙
6726,螟
6727,螢
6728,螣
6729,螫
6730,螬
6731,螭
6732,螮
6733,螯
6734,螳
6735,螵
6736,螺
6737,螻
6738,螽
6739,螾
6740,螿
6741,蟀
6742,蟄
6743,蟆
6744,蟇
6745,蟈
6746,蟉
6747,蟊
6748,蟋
6749,蟏
6750,蟒
6751,蟖
6752,蟚
6753,蟛
6754,蟜
6755,蟟
6756,蟠
6757,蟢
6758,蟣
6759,蟨
6760,蟪
6761,蟫
6762,蟬
6763,蟭
6764,蟲
6765,蟹
6766,蟺
6767,蟻
6768,蟾
6769,蠀
6770,蠁
6771,蠃
6772,蠅
6773,蠆
6774,蠈
6775,蠋
6776,蠐
6777,蠑
6778,蠒
6779,蠓
6780,蠔
6781,蠕
6782,蠖
6783,蠙
6784,蠚
6785,蠛
6786,蠜
6787,蠟
6788,蠡
6789,蠢
6790,蠧
6791,蠨
6792,蠭
6793,蠮
6794,蠱
6795,蠲
6796,蠵
6797,蠶
6798,蠹
6799,蠻
6800,蠾
6801,血
6802,衂
6803,衅
6804,衆
6805,衉
6806,行
6807,衍
6808,衎
6809,衒
6810,術
6811,衖
6812,街
6813,衘
6814,衙
6815,衛
6816,衝
6817,衞
6818,衡
6819,衢
6820,衣
6821,衤
6822,表
6823,衩
6824,衫
6825,衮
6826,衰
6827,衱
6828,衲
6829,衷
6830,衹
6831,衺
6832,衽
6833,衾
6834,衿
6835,袁
6836,袂
6837,袈
6838,袋
6839,袍
6840,袎
6841,袒
6842,袔
6843,袖
6844,袗
6845,袙
6846,袚
6847,袛
6848,袜
6849,袝
6850,袞
6851,袟
6852,袠
6853,袤
6854,袨
6855,袪
6856,被
6857,袴
6858,袵
6859,袷
6860,袽
6861,袾
6862,袿
6863,裀
6864,裁
6865,裂
6866,裊
6867,裋
6868,裌
6869,裎
6870,裏
6871,裒
6872,裓
6873,裔
6874,裕
6875,裘
6876,裙
6877,裛
6878,補
6879,裝
6880,裟
6881,裠
6882,裡
6883,裨
6884,裩
6885,裯
6886,裰
6887,裳
6888,裴
6889,裸
6890,裹
6891,裻
6892,裼
6893,製
6894,裾
6895,複
6896,褉
6897,褊
6898,褌
6899,褎
6900,褏
6901,褐
6902,褒
6903,褓
6904,褕
6905,褘
6906,褚
6907,褣
6908,褥
6909,褧
6910,褪
6911,褫
6912,褭
6913,褰
6914,褲
6915,褵
6916,褶
6917,褷
6918,褻
6919,褾
6920,襁
6921,襃
6922,襄
6923,襆
6924,襋
6925,襍
6926,襏
6927,襖
6928,襚
6929,襜
6930,襞
6931,襟
6932,襠
6933,襤
6934,襦
6935,襪
6936,襫
6937,襭
6938,襮
6939,襯
6940,襲
6941,襴
6942,襵
6943,襹
6944,襻
6945,西
6946,覀
6947,要
6948,覃
6949,覆
6950,覇
6951,覈
6952,覉
6953,覊
6954,見
6955,規
6956,覓
6957,覔
6958,視
6959,覘
6960,覡
6961,覤
6962,覦
6963,覧
6964,覩
6965,親
6966,覬
6967,覯
6968,覰
6969,覲
6970,覷
6971,覺
6972,覻
6973,覼
6974,覽
6975,覿
6976,觀
6977,觐
6978,角
6979,觔
6980,觚
6981,觜
6982,觝
6983,解
6984,觥
6985,觧
6986,觫
6987,觰
6988,觱
6989,觳
6990,觴
6991,觵
6992,觶
6993,觸
6994,觺
6995,觿
6996,言
6997,訁
6998,訂
6999,訃
7000,訇
7001,計
7002,訊
7003,討
7004,訏
7005,訐
7006,訓
7007,訕
7008,訖
7009,託
7010,記
7011,訛
7012,訝
7013,訟
7014,訢
7015,訣
7016,訥
7017,訧
7018,訪
7019,設
7020,許
7021,訴
7022,訶
7023,診
7024,註
7025,証
7026,訽
7027,訾
7028,詀
7029,詁
7030,詃
7031,詆
7032,詈
7033,詎
7034,詐
7035,詒
7036,詔
7037,評
7038,詖
7039,詘
7040,詛
7041,詞
7042,詠
7043,詡
7044,詢
7045,詣
7046,試
7047,詧
7048,詩
7049,詫
7050,詬
7051,詭
7052,詮
7053,詰
7054,話
7055,該
7056,詳
7057,詵
7058,詶
7059,詹
7060,詼
7061,詿
7062,誄
7063,誅
7064,誇
7065,誌
7066,認
7067,誑
7068,誓
7069,誕
7070,誖
7071,誘
7072,誚
7073,語
7074,誠
7075,誡
7076,誣
7077,誤
7078,誥
7079,誦
7080,誧
7081,誨
7082,說
7083,誰
7084,課
7085,誵
7086,誷
7087,誹
7088,誼
7089,誾
7090,調
7091,諂
7092,諄
7093,談
7094,請
7095,諍
7096,諏
7097,諑
7098,諒
7099,諕
7100,論
7101,諗
7102,諛
7103,諜
7104,諝
7105,諠
7106,諡
7107,諤
7108,諦
7109,諧
7110,諫
7111,諭
7112,諮
7113,諱
7114,諲
7115,諳
7116,諴
7117,諵
7118,諶
7119,諷
7120,諸
7121,諺
7122,諼
7123,諾
7124,謀
7125,謁
7126,謂
7127,謄
7128,謇
7129,謌
7130,謎
7131,謏
7132,謐
7133,謔
7134,謖
7135,謗
7136,謙
7137,謚
7138,講
7139,謝
7140,謟
7141,謠
7142,謢
7143,謥
7144,謨
7145,謩
7146,謫
7147,謬
7148,謳
7149,謷
7150,謹
7151,謾
7152,譀
7153,譁
7154,譈
7155,證
7156,譊
7157,譌
7158,譍
7159,譎
7160,譏
7161,譔
7162,譖
7163,識
7164,譙
7165,譚
7166,譜
7167,譟
7168,譣
7169,警
7170,譬
7171,譯
7172,議
7173,譳
7174,譴
7175,護
7176,譸
7177,譻
7178,譽
7179,譾
7180,讀
7181,變
7182,讋
7183,讌
7184,讎
7185,讐
7186,讒
7187,讓
7188,讖
7189,讘
7190,讙
7191,讚
7192,讜
7193,讞
7194,讟
7195,讫
7196,语
7197,说
7198,谁
7199,谷
7200,谹
7201,谺
7202,谽
7203,谿
7204,豁
7205,豆
7206,豈
7207,豉
7208,豎
7209,豐
7210,豓
7211,豔
7212,豕
7213,豖
7214,豗
7215,豚
7216,豝
7217,象
7218,豢
7219,豪
7220,豫
7221,豬
7222,豭
7223,豰
7224,豳
7225,豸
7226,豹
7227,豺
7228,豽
7229,貁
7230,貂
7231,貅
7232,貉
7233,貊
7234,貌
7235,貍
7236,貎
7237,貐
7238,貓
7239,貔
7240,貙
7241,貜
7242,貝
7243,貞
7244,負
7245,財
7246,貢
7247,貧
7248,貨
7249,販
7250,貪
7251,貫
7252,責
7253,貮
7254,貯
7255,貰
7256,貲
7257,貳
7258,貴
7259,貶
7260,買
7261,貸
7262,貺
7263,費
7264,貼
7265,貽
7266,貿
7267,賀
7268,賁
7269,賂
7270,賃
7271,賄
7272,資
7273,賈
7274,賊
7275,賏
7276,賑
7277,賒
7278,賓
7279,賕
7280,賖
7281,賙
7282,賚
7283,賜
7284,賝
7285,賞
7286,賡
7287,賢
7288,賣
7289,賤
7290,賦
7291,賧
7292,賨
7293,質
7294,賫
7295,賭
7296,賮
7297,賴
7298,賵
7299,賷
7300,賸
7301,賺
7302,購
7303,賽
7304,賾
7305,贄
7306,贅
7307,贇
7308,贈
7309,贊
7310,贋
7311,贍
7312,贏
7313,贐
7314,贓
7315,贔
7316,贖
7317,贙
7318,贛
7319,贜
7320,赠
7321,赤
7322,赦
7323,赧
7324,赩
7325,赫
7326,赬
7327,赭
7328,赮
7329,走
7330,赳
7331,赴
7332,赵
7333,起
7334,趁
7335,趂
7336,趄
7337,超
7338,越
7339,趍
7340,趕
7341,趖
7342,趗
7343,趙
7344,趚
7345,趟
7346,趠
7347,趢
7348,趣
7349,趦
7350,趨
7351,趫
7352,趯
7353,趲
7354,足
7355,趵
7356,趷
7357,趺
7358,趼
7359,趾
7360,趿
7361,跁
7362,跂
7363,跉
7364,跋
7365,跌
7366,跎
7367,跏
7368,跐
7369,跑
7370,跒
7371,跕
7372,跖
7373,跗
7374,跙
7375,跚
7376,跛
7377,跜
7378,距
7379,跟
7380,跡
7381,跣
7382,跥
7383,跧
7384,跨
7385,跪
7386,跫
7387,跬
7388,路
7389,跱
7390,跳
7391,跼
7392,跽
7393,踆
7394,踈
7395,踉
7396,踊
7397,踍
7398,踏
7399,踐
7400,踔
7401,踖
7402,踘
7403,踜
7404,踝
7405,踞
7406,踟
7407,踠
7408,踡
7409,踢
7410,踣
7411,踥
7412,踦
7413,踧
7414,踨
7415,踪
7416,踰
7417,踴
7418,踵
7419,踷
7420,踸
7421,踼
7422,蹀
7423,蹁
7424,蹂
7425,蹄
7426,蹇
7427,蹈
7428,蹉
7429,蹊
7430,蹋
7431,蹌
7432,蹎
7433,蹏
7434,蹐
7435,蹔
7436,蹕
7437,蹙
7438,蹜
7439,蹟
7440,蹠
7441,蹡
7442,蹢
7443,蹣
7444,蹤
7445,蹩
7446,蹬
7447,蹭
7448,蹮
7449,蹰
7450,蹲
7451,蹳
7452,蹴
7453,蹶
7454,蹺
7455,蹻
7456,躁
7457,躃
7458,躄
7459,躅
7460,躇
7461,躊
7462,躋
7463,躍
7464,躐
7465,躑
7466,躒
7467,躓
7468,躔
7469,躕
7470,躘
7471,躚
7472,躝
7473,躞
7474,躠
7475,躡
7476,躧
7477,躨
7478,躩
7479,躪
7480,身
7481,躬
7482,躭
7483,躰
7484,躶
7485,躺
7486,軀
7487,軃
7488,軄
7489,車
7490,軋
7491,軌
7492,軍
7493,軏
7494,軑
7495,軒
7496,軔
7497,軛
7498,軟
7499,軨
7500,軫
7501,軷
7502,軸
7503,軹
7504,軺
7505,軻
7506,軼
7507,軾
7508,軿
7509,輀
7510,較
7511,輅
7512,輇
7513,輈
7514,載
7515,輊
7516,輒
7517,輓
7518,輔
7519,輕
7520,輗
7521,輘
7522,輙
7523,輜
7524,輝
7525,輞
7526,輟
7527,輠
7528,輣
7529,輤
7530,輥
7531,輦
7532,輧
7533,輨
7534,輩
7535,輪
7536,輭
7537,輯
7538,輳
7539,輴
7540,輵
7541,輶
7542,輷
7543,輸
7544,輻
7545,輼
7546,輾
7547,輿
7548,轂
7549,轄
7550,轅
7551,轆
7552,轇
7553,轉
7554,轍
7555,轎
7556,轒
7557,轓
7558,轔
7559,轕
7560,轗
7561,轘
7562,轜
7563,轝
7564,轟
7565,轡
7566,轢
7567,轤
7568,轥
7569,辛
7570,辜
7571,辟
7572,辠
7573,辣
7574,辦
7575,辧
7576,辨
7577,辭
7578,辮
7579,辯
7580,辰
7581,辱
7582,農
7583,辶
7584,込
7585,迂
7586,迄
7587,迅
7588,过
7589,迍
7590,迎
7591,近
7592,迒
7593,迓
7594,返
7595,迕
7596,迢
7597,迤
7598,迥
7599,迦
7600,迨
7601,迪
7602,迫
7603,迬
7604,迭
7605,迮
7606,述
7607,迴
7608,迷
7609,迸
7610,迹
7611,迺
7612,迻
7613,追
7614,退
7615,送
7616,适
7617,逃
7618,逄
7619,逅
7620,逆
7621,逈
7622,选
7623,逋
7624,逌
7625,逍
7626,透
7627,逐
7628,逑
7629,逓
7630,途
7631,逕
7632,逖
7633,逗
7634,這
7635,通
7636,逝
7637,逞
7638,速
7639,造
7640,逡
7641,逢
7642,連
7643,逤
7644,逬
7645,逭
7646,逮
7647,逯
7648,逰
7649,週
7650,進
7651,逵
7652,逶
7653,逷
7654,逸
7655,逼
7656,逾
7657,遀
7658,遁
7659,遂
7660,遄
7661,遇
7662,遉
7663,遊
7664,運
7665,遍
7666,過
7667,遏
7668,遐
7669,遑
7670,遒
7671,道
7672,達
7673,違
7674,遘
7675,遙
7676,遛
7677,遜
7678,遝
7679,遞
7680,遠
7681,遡
7682,遣
7683,遥
7684,遨
7685,適
7686,遬
7687,遭
7688,遮
7689,遯
7690,遰
7691,遲
7692,遵
7693,遶
7694,遷
7695,選
7696,遹
7697,遺
7698,遼
7699,遽
7700,避
7701,邀
7702,邁
7703,邂
7704,邃
7705,還
7706,邅
7707,邇
7708,邈
7709,邊
7710,邏
7711,邐
7712,邑
7713,邔
7714,邕
7715,邗
7716,邘
7717,邙
7718,邛
7719,邠
7720,邡
7721,邢
7722,那
7723,邦
7724,邧
7725,邨
7726,邪
7727,邯
7728,邱
7729,邳
7730,邴
7731,邵
7732,邸
7733,邽
7734,邾
7735,郁
7736,郃
7737,郄
7738,郅
7739,郇
7740,郊
7741,郍
7742,郎
7743,郗
7744,郛
7745,郜
7746,郝
7747,郟
7748,郡
7749,郢
7750,郤
7751,部
7752,郪
7753,郫
7754,郭
7755,郯
7756,郴
7757,郵
7758,都
7759,郾
7760,郿
7761,鄀
7762,鄂
7763,鄄
7764,鄆
7765,鄉
7766,鄏
7767,鄒
7768,鄔
7769,鄖
7770,鄙
7771,鄜
7772,鄞
7773,鄠
7774,鄢
7775,鄣
7776,鄥
7777,鄧
7778,鄬
7779,鄭
7780,鄮
7781,鄯
7782,鄰
7783,鄱
7784,鄲
7785,鄴
7786,鄶
7787,鄹
7788,鄽
7789,酃
7790,酅
7791,酆
7792,酇
7793,酈
7794,酉
7795,酊
7796,酋
7797,酌
7798,配
7799,酎
7800,酒
7801,酕
7802,酖
7803,酗
7804,酘
7805,酙
7806,酡
7807,酢
7808,酣
7809,酤
7810,酥
7811,酧
7812,酩
7813,酪
7814,酬
7815,酭
7816,酲
7817,酴
7818,酷
7819,酸
7820,酹
7821,酺
7822,醁
7823,醄
7824,醅
7825,醆
7826,醇
7827,醉
7828,醋
7829,醍
7830,醎
7831,醐
7832,醑
7833,醒
7834,醖
7835,醜
7836,醞
7837,醟
7838,醢
7839,醥
7840,醦
7841,醨
7842,醪
7843,醫
7844,醬
7845,醭
7846,醮
7847,醯
7848,醱
7849,醲
7850,醴
7851,醵
7852,醷
7853,醺
7854,醻
7855,醼
7856,醽
7857,醿
7858,釀
7859,釁
7860,釂
7861,釃
7862,釅
7863,釆
7864,采
7865,釋
7866,里
7867,重
7868,野
7869,量
7870,釐
7871,金
7872,釒
7873,釗
7874,釘
7875,釜
7876,針
7877,釣
7878,釤
7879,釦
7880,釧
7881,釭
7882,釱
7883,釵
7884,釼
7885,釿
7886,鈆
7887,鈇
7888,鈋
7889,鈌
7890,鈍
7891,鈎
7892,鈐
7893,鈒
7894,鈔
7895,鈕
7896,鈚
7897,鈜
7898,鈞
7899,鈴
7900,鈷
7901,鈸
7902,鈹
7903,鈿
7904,鉀
7905,鉅
7906,鉉
7907,鉋
7908,鉎
7909,鉏
7910,鉗
7911,鉛
7912,鉞
7913,鉟
7914,鉢
7915,鉤
7916,鉦
7917,鉧
7918,鉶
7919,鉷
7920,鉸
7921,鉿
7922,銀
7923,銅
7924,銍
7925,銑
7926,銓
7927,銕
7928,銖
7929,銘
7930,銙
7931,銚
7932,銛
7933,銜
7934,銭
7935,銳
7936,銷
7937,銼
7938,鋃
7939,鋄
7940,鋆
7941,鋋
7942,鋌
7943,鋏
7944,鋒
7945,鋗
7946,鋜
7947,鋞
7948,鋟
7949,鋣
7950,鋤
7951,鋦
7952,鋩
7953,鋪
7954,鋭
7955,鋸
7956,鋼
7957,鋾
7958,錀
7959,錄
7960,錋
7961,錏
7962,錐
7963,錘
7964,錙
7965,錚
7966,錞
7967,錡
7968,錢
7969,錥
7970,錦
7971,錨
7972,錫
7973,錮
7974,錯
7975,録
7976,鍇
7977,鍈
7978,鍉
7979,鍊
7980,鍋
7981,鍍
7982,鍑
7983,鍔
7984,鍛
7985,鍜
7986,鍠
7987,鍤
7988,鍧
7989,鍪
7990,鍬
7991,鍮
7992,鍰
7993,鍱
7994,鍳
7995,鍵
7996,鍼
7997,鍾
7998,鎁
7999,鎌
8000,鎔
8001,鎖
8002,鎗
8003,鎘
8004,鎚
8005,鎛
8006,鎝
8007,鎞
8008,鎡
8009,鎣
8010,鎦
8011,鎧
8012,鎩
8013,鎪
8014,鎬
8015,鎮
8016,鎰
8017,鎻
8018,鏁
8019,鏃
8020,鏇
8021,鏊
8022,鏌
8023,鏐
8024,鏑
8025,鏖
8026,鏗
8027,鏘
8028,鏚
8029,鏜
8030,鏞
8031,鏟
8032,鏡
8033,鏢
8034,鏤
8035,鏦
8036,鏹
8037,鏽
8038,鐃
8039,鐉
8040,鐍
8041,鐐
8042,鐓
8043,鐔
8044,鐘
8045,鐙
8046,鐫
8047,鐮
8048,鐵
8049,鐶
8050,鐸
8051,鐺
8052,鑄
8053,鑊
8054,鑌
8055,鑑
8056,鑒
8057,鑕
8058,鑚
8059,鑛
8060,鑠
8061,鑣
8062,鑨
8063,鑪
8064,鑮
8065,鑰
8066,鑱
8067,鑷
8068,鑹
8069,鑼
8070,鑽
8071,鑾
8072,鑿
8073,钁
8074,铘
8075,長
8076,門
8077,閂
8078,閃
8079,閇
8080,閈
8081,閉
8082,開
8083,閌
8084,閎
8085,閏
8086,閑
8087,閒
8088,間
8089,閔
8090,閗
8091,閘
8092,閙
8093,閟
8094,閡
8095,関
8096,閣
8097,閤
8098,閥
8099,閦
8100,閨
8101,閩
8102,閫
8103,閬
8104,閭
8105,閰
8106,閱
8107,閴
8108,閶
8109,閹
8110,閻
8111,閼
8112,閽
8113,閾
8114,閿
8115,闃
8116,闇
8117,闈
8118,闉
8119,闊
8120,闋
8121,闌
8122,闍
8123,闐
8124,闑
8125,闒
8126,闓
8127,闔
8128,闕
8129,闖
8130,闘
8131,闚
8132,關
8133,闞
8134,闟
8135,闠
8136,闡
8137,闢
8138,闤
8139,闥
8140,问
8141,闻
8142,阜
8143,阝
8144,阡
8145,阧
8146,阨
8147,阪
8148,阬
8149,阮
8150,阯
8151,防
8152,阺
8153,阻
8154,阼
8155,阽
8156,阿
8157,陀
8158,陁
8159,陂
8160,附
8161,陈
8162,陊
8163,陋
8164,陌
8165,降
8166,限
8167,陑
8168,陔
8169,陘
8170,陛
8171,陜
8172,陝
8173,陞
8174,陟
8175,陡
8176,院
8177,陣
8178,除
8179,陪
8180,陬
8181,陰
8182,陲
8183,陳
8184,陴
8185,陵
8186,陶
8187,陷
8188,陸
8189,陻
8190,陽
8191,隃
8192,隄
8193,隅
8194,隆
8195,隈
8196,隊
8197,隋
8198,隍
8199,階
8200,随
8201,隐
8202,隔
8203,隕
8204,隗
8205,隘
8206,隙
8207,際
8208,障
8209,隝
8210,隟
8211,隠
8212,隣
8213,隤
8214,隥
8215,隧
8216,隨
8217,隩
8218,險
8219,隮
8220,隰
8221,隱
8222,隲
8223,隳
8224,隴
8225,隵
8226,隷
8227,隸
8228,隹
8229,隻
8230,隼
8231,隽
8232,雀
8233,雁
8234,雄
8235,雅
8236,集
8237,雇
8238,雉
8239,雊
8240,雋
8241,雌
8242,雍
8243,雎
8244,雒
8245,雕
8246,雖
8247,雘
8248,雙
8249,雛
8250,雜
8251,雝
8252,雞
8253,雟
8254,離
8255,難
8256,雨
8257,雩
8258,雪
8259,雭
8260,雰
8261,雲
8262,零
8263,雷
8264,雹
8265,雺
8266,電
8267,需
8268,霂
8269,霃
8270,霄
8271,霅
8272,霆
8273,震
8274,霈
8275,霋
8276,霍
8277,霎
8278,霏
8279,霑
8280,霓
8281,霔
8282,霖
8283,霙
8284,霜
8285,霝
8286,霞
8287,霠
8288,霡
8289,霢
8290,霣
8291,霤
8292,霧
8293,霪
8294,霮
8295,霰
8296,露
8297,霶
8298,霸
8299,霹
8300,霽
8301,霾
8302,霿
8303,靁
8304,靂
8305,靃
8306,靄
8307,靆
8308,靈
8309,靉
8310,青
8311,靖
8312,靘
8313,静
8314,靚
8315,靜
8316,非
8317,靠
8318,靡
8319,面
8320,靦
8321,靧
8322,靨
8323,革
8324,靫
8325,靭
8326,靮
8327,靳
8328,靴
8329,靶
8330,靷
8331,靸
8332,靺
8333,靼
8334,靿
8335,鞁
8336,鞅
8337,鞇
8338,鞈
8339,鞋
8340,鞍
8341,鞏
8342,鞓
8343,鞔
8344,鞘
8345,鞙
8346,鞚
8347,鞞
8348,鞟
8349,鞠
8350,鞦
8351,鞨
8352,鞫
8353,鞬
8354,鞭
8355,鞮
8356,鞲
8357,鞳
8358,鞴
8359,鞵
8360,鞶
8361,鞹
8362,鞺
8363,鞾
8364,鞿
8365,韁
8366,韂
8367,韃
8368,韅
8369,韆
8370,韈
8371,韉
8372,韋
8373,韍
8374,韎
8375,韓
8376,韔
8377,韙
8378,韛
8379,韜
8380,韝
8381,韞
8382,韡
8383,韣
8384,韤
8385,韩
8386,韭
8387,韮
8388,韯
8389,韲
8390,音
8391,韵
8392,韶
8393,韺
8394,韻
8395,響
8396,頁
8397,頂
8398,頃
8399,項
8400,順
8401,頇
8402,須
8403,頊
8404,頌
8405,頎
8406,頏
8407,預
8408,頑
8409,頒
8410,頓
8411,頔
8412,頗
8413,領
8414,頞
8415,頟
8416,頠
8417,頡
8418,頤
8419,頥
8420,頦
8421,頫
8422,頭
8423,頮
8424,頰
8425,頲
8426,頳
8427,頴
8428,頷
8429,頸
8430,頹
8431,頻
8432,頼
8433,頽
8434,頿
8435,顆
8436,顇
8437,顋
8438,題
8439,額
8440,顏
8441,顐
8442,顑
8443,顒
8444,顓
8445,顔
8446,顗
8447,願
8448,顙
8449,顚
8450,顛
8451,類
8452,顡
8453,顢
8454,顥
8455,顦
8456,顧
8457,顫
8458,顯
8459,顰
8460,顱
8461,顴
8462,题
8463,颜
8464,颠
8465,颢
8466,颣
8467,風
8468,颫
8469,颭
8470,颯
8471,颰
8472,颶
8473,颷
8474,颸
8475,颺
8476,颻
8477,颼
8478,颾
8479,颿
8480,飀
8481,飁
8482,飂
8483,飃
8484,飄
8485,飆
8486,飇
8487,飈
8488,飉
8489,飋
8490,飍
8491,飔
8492,飗
8493,飙
8494,飚
8495,飛
8496,飜
8497,食
8498,飠
8499,飡
8500,飢
8501,飣
8502,飥
8503,飦
8504,飧
8505,飨
8506,飪
8507,飫
8508,飭
8509,飯
8510,飰
8511,飱
8512,飲
8513,飴
8514,飶
8515,飼
8516,飽
8517,飾
8518,餁
8519,餄
8520,餅
8521,餉
8522,養
8523,餌
8524,餐
8525,餑
8526,餒
8527,餓
8528,餔
8529,餖
8530,餗
8531,餘
8532,餙
8533,餚
8534,餞
8535,餡
8536,餢
8537,餤
8538,餦
8539,餧
8540,館
8541,餫
8542,餬
8543,餭
8544,餮
8545,餱
8546,餳
8547,餴
8548,餵
8549,餸
8550,餺
8551,餻
8552,餼
8553,餽
8554,餾
8555,饁
8556,饅
8557,饉
8558,饋
8559,饌
8560,饍
8561,饎
8562,饑
8563,饒
8564,饔
8565,饕
8566,饗
8567,饘
8568,饙
8569,饛
8570,饜
8571,饞
8572,馀
8573,首
8574,馗
8575,馘
8576,香
8577,馤
8578,馥
8579,馧
8580,馨
8581,馬
8582,馭
8583,馮
8584,馱
8585,馳
8586,馴
8587,馵
8588,馹
8589,馺
8590,駁
8591,駃
8592,駄
8593,駈
8594,駉
8595,駊
8596,駏
8597,駐
8598,駑
8599,駒
8600,駔
8601,駕
8602,駖
8603,駘
8604,駙
8605,駛
8606,駝
8607,駞
8608,駟
8609,駡
8610,駢
8611,駪
8612,駬
8613,駭
8614,駮
8615,駰
8616,駱
8617,駴
8618,駷
8619,駸
8620,駼
8621,駿
8622,騀
8623,騁
8624,騂
8625,騃
8626,騄
8627,騅
8628,騊
8629,騋
8630,騎
8631,騏
8632,騐
8633,騑
8634,騕
8635,騖
8636,騗
8637,騘
8638,騞
8639,騣
8640,騤
8641,騧
8642,騫
8643,騭
8644,騮
8645,騰
8646,騶
8647,騷
8648,騼
8649,騾
8650,驀
8651,驁
8652,驂
8653,驃
8654,驄
8655,驅
8656,驆
8657,驊
8658,驌
8659,驍
8660,驎
8661,驏
8662,驔
8663,驕
8664,驗
8665,驚
8666,驛
8667,驟
8668,驢
8669,驤
8670,驥
8671,驦
8672,驩
8673,驪
8674,骦
8675,骨
8676,骭
8677,骯
8678,骰
8679,骴
8680,骸
8681,骹
8682,骼
8683,髀
8684,髂
8685,髆
8686,髇
8687,髏
8688,髐
8689,髑
8690,髒
8691,髓
8692,體
8693,髖
8694,高
8695,髟
8696,髠
8697,髡
8698,髣
8699,髦
8700,髧
8701,髩
8702,髪
8703,髫
8704,髬
8705,髭
8706,髮
8707,髯
8708,髲
8709,髴
8710,髵
8711,髹
8712,髻
8713,髼
8714,髽
8715,髿
8716,鬂
8717,鬃
8718,鬅
8719,鬆
8720,鬇
8721,鬈
8722,鬉
8723,鬋
8724,鬌
8725,鬍
8726,鬐
8727,鬒
8728,鬔
8729,鬖
8730,鬘
8731,鬙
8732,鬚
8733,鬛
8734,鬝
8735,鬟
8736,鬡
8737,鬢
8738,鬣
8739,鬤
8740,鬥
8741,鬦
8742,鬧
8743,鬨
8744,鬩
8745,鬪
8746,鬬
8747,鬭
8748,鬮
8749,鬯
8750,鬱
8751,鬲
8752,鬻
8753,鬼
8754,鬽
8755,魁
8756,魂
8757,魃
8758,魄
8759,魅
8760,魈
8761,魍
8762,魎
8763,魏
8764,魑
8765,魔
8766,魘
8767,魚
8768,魛
8769,魮
8770,魯
8771,魴
8772,鮌
8773,鮐
8774,鮑
8775,鮒
8776,鮓
8777,鮞
8778,鮪
8779,鮫
8780,鮭
8781,鮮
8782,鮹
8783,鯀
8784,鯁
8785,鯄
8786,鯆
8787,鯈
8788,鯉
8789,鯊
8790,鯖
8791,鯢
8792,鯤
8793,鯨
8794,鯫
8795,鯹
8796,鯽
8797,鯾
8798,鯿
8799,鰅
8800,鰌
8801,鰍
8802,鰐
8803,鰒
8804,鰓
8805,鰕
8806,鰥
8807,鰩
8808,鰭
8809,鰲
8810,鰻
8811,鱉
8812,鱍
8813,鱏
8814,鱒
8815,鱔
8816,鱖
8817,鱗
8818,鱙
8819,鱟
8820,鱠
8821,鱣
8822,鱧
8823,鱮
8824,鱲
8825,鱷
8826,鱸
8827,鲇
8828,鳀
8829,鳊
8830,鳙
8831,鳥
8832,鳧
8833,鳩
8834,鳬
8835,鳯
8836,鳲
8837,鳳
8838,鳴
8839,鳶
8840,鳷
8841,鳸
8842,鳿
8843,鴂
8844,鴅
8845,鴆
8846,鴇
8847,鴈
8848,鴉
8849,鴒
8850,鴛
8851,鴝
8852,鴞
8853,鴟
8854,鴣
8855,鴦
8856,鴧
8857,鴨
8858,鴯
8859,鴰
8860,鴻
8861,鴽
8862,鴿
8863,鵁
8864,鵂
8865,鵄
8866,鵅
8867,鵊
8868,鵑
8869,鵒
8870,鵓
8871,鵕
8872,鵜
8873,鵝
8874,鵞
8875,鵠
8876,鵡
8877,鵩
8878,鵬
8879,鵮
8880,鵯
8881,鵰
8882,鵲
8883,鵶
8884,鵷
8885,鵽
8886,鵾
8887,鵿
8888,鶂
8889,鶄
8890,鶆
8891,鶉
8892,鶊
8893,鶋
8894,鶒
8895,鶖
8896,鶗
8897,鶘
8898,鶚
8899,鶡
8900,鶢
8901,鶤
8902,鶩
8903,鶬
8904,鶯
8905,鶱
8906,鶴
8907,鶵
8908,鶹
8909,鶺
8910,鶻
8911,鶼
8912,鶿
8913,鷀
8914,鷁
8915,鷂
8916,鷃
8917,鷄
8918,鷅
8919,鷇
8920,鷓
8921,鷔
8922,鷕
8923,鷖
8924,鷗
8925,鷙
8926,鷟
8927,鷠
8928,鷣
8929,鷤
8930,鷥
8931,鷦
8932,鷧
8933,鷨
8934,鷫
8935,鷯
8936,鷰
8937,鷲
8938,鷴
8939,鷸
8940,鷹
8941,鷺
8942,鷼
8943,鷽
8944,鷾
8945,鸀
8946,鸂
8947,鸇
8948,鸊
8949,鸎
8950,鸐
8951,鸑
8952,鸒
8953,鸓
8954,鸕
8955,鸖
8956,鸘
8957,鸚
8958,鸛
8959,鸜
8960,鸝
8961,鸞
8962,鹃
8963,鹵
8964,鹹
8965,鹺
8966,鹼
8967,鹽
8968,鹿
8969,麀
8970,麁
8971,麂
8972,麃
8973,麄
8974,麇
8975,麈
8976,麋
8977,麏
8978,麑
8979,麒
8980,麓
8981,麕
8982,麖
8983,麗
8984,麚
8985,麛
8986,麝
8987,麞
8988,麟
8989,麤
8990,麥
8991,麦
8992,麧
8993,麨
8994,麩
8995,麪
8996,麯
8997,麰
8998,麳
8999,麴
9000,麵
9001,麻
9002,麼
9003,麽
9004,麾
9005,黁
9006,黃
9007,黄
9008,黈
9009,黌
9010,黍
9011,黎
9012,黏
9013,黐
9014,黑
9015,黔
9016,黕
9017,黖
9018,默
9019,黛
9020,黜
9021,黝
9022,點
9023,黟
9024,黠
9025,黤
9026,黥
9027,黦
9028,黧
9029,黨
9030,黫
9031,黬
9032,黮
9033,黯
9034,黰
9035,黲
9036,黳
9037,黴
9038,黶
9039,黷
9040,黻
9041,黼
9042,黽
9043,黿
9044,鼂
9045,鼃
9046,鼇
9047,鼈
9048,鼉
9049,鼌
9050,鼎
9051,鼐
9052,鼓
9053,鼕
9054,鼗
9055,鼙
9056,鼛
9057,鼟
9058,鼠
9059,鼬
9060,鼯
9061,鼴
9062,鼷
9063,鼹
9064,鼻
9065,鼾
9066,齁
9067,齅
9068,齆
9069,齊
9070,齋
9071,齎
9072,齏
9073,齐
9074,齒
9075,齓
9076,齔
9077,齕
9078,齖
9079,齗
9080,齚
9081,齟
9082,齠
9083,齡
9084,齢
9085,齦
9086,齧
9087,齩
9088,齪
9089,齬
9090,齯
9091,齰
9092,齱
9093,齵
9094,齶
9095,齷
9096,齾
9097,龍
9098,龏
9099,龐
9100,龑
9101,龔
9102,龕
9103,龜
9104,龠
9105,龢
9106,
9107,
9108,
9109,郎
9110,（
9111,）
9112,，
9113,：
9114,；
9115,？
